,years ma,Arthropoda,Brachiopoda,Foraminifera,Echinodermata,Porifera,Chordata,Mollusca,Bryozoa,Cnidaria,Hyolitha,Problematica,Agmata,Priapulida,Hemichordata,Annelida,Rhodophyta,Lophotrochozoa,Chlorophyta,Cyanobacteria,Ciliophora,Haptophyta,Radiolaria,Lycopodophyta,Bryophyta,Prasinophyta,Onychophora,Lycophyta,Chaetognatha,Proarticulata,Psilophytophyta,Thallophyta,Zosterophyllophyta,Pteridophyta,Tracheophyta,Pinophyta,Coniferophyta,Gymnospermophyta,Ginkgophyta,Lycopodiophyta,Pteridospermophyta,Sphenophyta,Equisetophyta,Angiospermae,Peltaspermophyta,Ochrophyta,Cycadophyta,Spermatophyta,Aneurophytophyta,Phaeophyta,Charophyta,Rhizopodea,Cladoxylophyta,Progymnospermophyta,Magnoliophyta,Gnetophyta,Cycadeoideophyta,Filicophyta,Sipuncula,Myzozoa,Isoetophyta,Anthocerophyta,Cercozoa,Vetulicolia,Ctenophora,Entoprocta,Nematoda,Platyhelminthes,Tardigrada
0,1,217,31,275,58,13,14827,12256,215,2664,0,0,0,0,0,47,46,0,11,0,0,1,0,0,1,0,0,0,0,0,0,0,0,18,0,12,15,0,0,5,0,0,0,382,0,1,1,0,0,0,0,0,0,0,0,0,0,0,0,0,0,1,0,0,0,0,0,0,0
1,2,222,8,187,56,17,15495,12014,143,2708,0,0,0,0,0,45,46,0,13,0,0,0,0,0,2,0,0,0,0,0,0,0,0,17,0,14,10,0,0,4,0,0,0,363,0,21,1,0,0,0,0,0,0,0,0,0,0,0,0,0,0,1,0,0,0,0,0,0,0
2,3,224,22,211,107,3,10409,16552,267,1891,0,0,0,0,0,8,16,0,10,0,0,0,0,1,2,0,0,0,0,0,0,0,0,55,0,63,52,0,0,9,0,0,0,1390,0,50,1,1,0,0,0,0,0,0,2,0,0,0,0,1,0,0,0,0,0,0,0,0,0
3,4,350,36,481,147,3,9562,13130,123,1625,0,0,0,0,0,12,38,0,3,0,0,25,16,1,2,0,0,0,0,0,0,0,0,45,0,59,56,0,0,9,0,0,0,1219,0,58,1,1,0,0,0,0,0,0,2,0,0,0,0,1,0,0,0,0,0,0,0,0,0
4,5,351,36,481,148,3,8513,13151,123,1625,0,0,0,0,0,12,38,0,4,0,0,25,16,1,2,0,0,0,0,0,0,0,0,45,0,60,56,0,0,9,0,0,0,1256,0,58,1,1,0,0,0,0,0,0,2,0,0,0,0,1,0,0,0,0,0,0,0,0,0
5,6,547,32,1051,138,14,7987,12287,215,1362,0,0,0,0,0,39,120,0,24,0,0,0,1,1,7,0,0,0,0,0,0,0,0,134,0,134,153,0,2,17,0,0,0,3136,0,11,8,16,0,0,0,0,0,0,8,0,0,0,0,0,0,0,0,0,0,0,0,0,0
6,7,547,32,1051,138,14,8079,12287,215,1358,0,0,0,0,0,39,120,0,24,0,0,0,1,1,7,0,0,0,0,0,0,0,0,134,0,134,153,0,2,17,0,0,0,3136,0,11,8,16,0,0,0,0,0,0,8,0,0,0,0,0,0,0,0,0,0,0,0,0,0
7,8,952,21,957,99,65,8820,14913,90,1086,0,0,0,0,0,14,45,0,14,0,0,12,1,1,7,0,0,0,0,0,0,0,0,138,0,128,153,0,2,16,0,0,0,3128,0,5,9,16,0,0,0,0,0,0,8,0,0,0,0,0,0,0,0,0,0,0,0,0,0
8,9,941,21,957,99,65,8149,14895,90,1086,0,0,0,0,0,14,45,0,13,0,0,12,1,1,7,0,0,0,0,0,0,0,0,138,0,128,153,0,2,16,0,0,0,3120,0,5,9,16,0,0,0,0,0,0,8,0,0,0,0,0,0,0,0,0,0,0,0,0,0
9,10,941,21,957,99,65,8044,14895,90,1086,0,0,0,0,0,14,45,0,13,0,0,12,1,1,7,0,0,0,0,0,0,0,0,138,0,128,153,0,2,16,0,0,0,3120,0,5,9,16,0,0,0,0,0,0,8,0,0,0,0,0,0,0,0,0,0,0,0,0,0
10,11,936,21,957,98,66,8129,14883,90,1086,0,0,0,0,0,14,45,0,11,0,0,12,1,1,6,0,0,0,0,0,0,0,0,140,0,142,162,0,2,17,0,0,0,3147,0,5,9,16,0,0,0,0,0,0,8,0,0,0,0,0,0,0,0,0,0,0,0,0,0
11,12,1432,55,1960,253,22,7531,13542,203,1193,0,0,0,0,0,43,187,0,18,0,0,24,20,1,8,0,0,0,0,0,0,0,0,149,0,297,255,0,5,34,0,0,0,3718,0,26,4,3,0,0,1,0,0,0,6,0,0,0,0,1,0,0,0,0,0,0,0,0,0
12,13,1016,78,1971,260,22,7342,14383,207,1308,0,0,0,0,0,42,201,0,16,0,0,14,20,1,8,0,0,0,0,0,0,0,0,151,0,298,254,0,5,33,0,0,0,3733,0,26,4,3,0,0,1,0,0,0,6,0,0,0,0,1,0,0,0,0,0,0,0,0,0
13,14,832,41,1913,271,10,8859,11630,168,1338,0,0,0,0,0,34,191,0,10,0,0,20,22,1,8,0,1,0,0,0,0,0,0,117,0,152,139,0,4,15,0,0,0,2446,0,123,4,4,0,0,1,0,0,0,6,0,0,0,0,0,0,0,1,0,0,0,0,0,0
14,15,832,41,1913,271,10,8859,11630,168,1338,0,0,0,0,0,34,191,0,10,0,0,20,22,1,8,0,1,0,0,0,0,0,0,117,0,152,139,0,4,15,0,0,0,2446,0,123,4,4,0,0,1,0,0,0,6,0,0,0,0,0,0,0,1,0,0,0,0,0,0
15,16,1578,95,1455,332,36,6835,15222,141,1827,0,0,0,0,0,23,36,0,12,0,0,32,0,1,5,0,1,0,0,0,0,0,0,98,0,114,88,0,7,27,0,0,0,2113,0,106,4,3,0,0,0,0,0,0,10,0,0,0,0,0,0,0,0,0,0,0,0,0,0
16,17,1557,95,1455,332,36,6544,15225,141,1827,0,0,0,0,0,23,36,0,9,0,0,32,0,1,5,0,1,0,0,0,0,0,0,98,0,114,88,0,7,27,0,0,0,2107,0,106,4,3,0,0,0,0,0,0,10,0,0,0,0,0,0,0,0,0,0,0,0,0,0
17,18,1557,95,1455,332,36,6537,15225,141,1827,0,0,0,0,0,23,36,0,9,0,0,32,0,1,5,0,1,0,0,0,0,0,0,98,0,114,88,0,7,27,0,0,0,2107,0,106,4,3,0,0,0,0,0,0,10,0,0,0,0,0,0,0,0,0,0,0,0,0,0
18,19,1557,94,1419,331,36,6529,14666,141,1738,0,0,0,0,0,21,36,0,9,0,0,32,0,1,5,0,1,0,0,0,0,0,0,98,0,114,88,0,7,27,0,0,0,2107,0,106,4,3,0,0,0,0,0,0,10,0,0,0,0,0,0,0,0,0,0,0,0,0,0
19,20,1542,94,1419,331,36,6422,14658,141,1738,0,0,0,0,0,21,36,0,9,0,0,32,0,1,5,0,1,0,0,0,0,0,0,98,0,114,88,0,7,27,0,0,0,2092,0,106,4,3,0,0,0,0,0,0,9,0,0,0,0,0,0,0,0,0,0,0,0,0,0
20,21,512,65,1540,270,13,5206,10663,93,1065,0,0,0,0,0,20,28,0,9,0,0,18,0,1,6,1,0,0,0,0,0,0,0,99,0,82,70,0,5,28,0,0,0,1726,0,107,4,3,0,0,0,0,0,0,9,0,0,0,0,2,0,0,0,0,0,0,0,0,0
21,22,510,62,1361,270,13,5223,10467,93,1048,0,0,0,0,0,19,28,0,9,0,0,18,0,1,6,1,0,0,0,0,0,0,0,99,0,82,70,0,5,28,0,0,0,1726,0,107,4,3,0,0,0,0,0,0,9,0,0,0,0,2,0,0,0,0,0,0,0,0,0
22,23,510,62,1361,270,13,5193,10469,93,1048,0,0,0,0,0,19,28,0,9,0,0,18,0,1,6,1,0,0,0,0,0,0,0,99,0,82,70,0,5,28,0,0,0,1726,0,107,4,3,0,0,0,0,0,0,9,0,0,0,0,2,0,0,0,0,0,0,0,0,0
23,24,859,19,433,100,18,2907,5033,24,1282,0,0,0,0,0,3,78,0,4,1,0,0,22,1,4,3,0,0,0,0,0,0,0,110,0,108,156,0,4,26,0,0,0,1689,0,3,3,3,0,0,0,0,0,0,1,0,0,0,0,3,0,0,0,0,0,0,0,0,0
24,25,859,19,433,100,18,2421,5033,24,1282,0,0,0,0,0,3,78,0,4,1,0,0,22,1,4,3,0,0,0,0,0,0,0,110,0,108,156,0,4,26,0,0,0,1689,0,3,3,3,0,0,0,0,0,0,1,0,0,0,0,3,0,0,0,0,0,0,0,0,0
25,26,859,19,434,100,18,2431,5043,24,1294,0,0,0,0,0,3,78,0,4,1,0,0,22,1,4,3,0,0,0,0,0,0,0,110,0,108,156,0,4,26,0,0,0,1689,0,3,3,3,0,0,0,0,0,0,1,0,0,0,0,3,0,0,0,0,0,0,0,0,0
26,27,859,19,434,100,18,2718,5043,24,1294,0,0,0,0,0,3,78,0,4,1,0,0,22,1,4,3,0,0,0,0,0,0,0,110,0,108,156,0,4,26,0,0,0,1689,0,3,3,3,0,0,0,0,0,0,1,0,0,0,0,3,0,0,0,0,0,0,0,0,0
27,28,859,19,433,100,19,2696,5033,24,1279,0,0,0,0,0,3,78,0,4,1,0,0,22,1,4,3,0,0,0,0,0,0,0,110,0,108,156,0,4,26,0,0,0,1689,0,3,3,3,0,0,0,0,0,0,1,0,0,0,0,3,0,0,0,0,0,0,0,0,0
28,29,768,22,297,151,20,2340,8108,349,941,0,0,0,0,0,3,23,0,0,0,1,2,22,1,5,0,0,0,0,0,0,0,0,98,0,89,130,0,3,16,0,0,0,1591,0,3,5,21,0,0,0,0,0,0,1,0,0,0,0,0,0,0,0,0,0,0,0,0,0
29,30,768,22,297,151,20,2340,8108,349,941,0,0,0,0,0,3,23,0,0,0,1,2,22,1,5,0,0,0,0,0,0,0,0,98,0,89,130,0,3,16,0,0,0,1591,0,3,5,21,0,0,0,0,0,0,1,0,0,0,0,0,0,0,0,0,0,0,0,0,0
30,31,783,22,297,151,20,1568,8107,349,941,0,0,0,0,0,3,23,0,0,0,1,2,22,1,5,0,0,0,0,0,0,0,0,98,0,89,130,0,3,16,0,0,0,1591,0,3,5,21,0,0,0,0,0,0,1,0,0,0,0,0,0,0,0,0,0,0,0,0,0
31,32,783,22,297,151,20,1568,8107,349,941,0,0,0,0,0,3,23,0,0,0,1,2,22,1,5,0,0,0,0,0,0,0,0,98,0,89,130,0,3,16,0,0,0,1591,0,3,5,21,0,0,0,0,0,0,1,0,0,0,0,0,0,0,0,0,0,0,0,0,0
32,33,783,22,297,151,20,1568,8107,349,941,0,0,0,0,0,3,23,0,0,0,1,2,22,1,5,0,0,0,0,0,0,0,0,98,0,89,130,0,3,16,0,0,0,1591,0,3,5,21,0,0,0,0,0,0,1,0,0,0,0,0,0,0,0,0,0,0,0,0,0
33,34,3925,67,358,216,16,3592,7522,158,745,0,0,0,0,0,23,58,0,139,4,13,42,20,1,4,0,1,0,0,0,0,0,0,531,0,116,159,7,10,60,0,0,0,1650,0,4,4,66,0,0,4,0,0,0,4,0,0,0,0,0,0,0,0,0,0,0,1,1,0
34,35,3926,67,358,216,15,3590,7547,158,739,0,0,0,0,0,23,58,0,139,4,13,42,20,1,4,0,1,0,0,0,0,0,0,531,0,116,159,7,10,60,0,0,0,1650,0,4,4,66,0,0,4,0,0,0,4,0,0,0,0,0,0,0,0,0,0,0,1,1,0
35,36,3939,83,359,221,15,3599,7608,158,745,0,0,0,0,0,23,58,0,139,4,13,42,20,1,4,0,1,0,0,0,0,0,0,531,0,116,159,7,10,60,0,0,0,1650,0,4,4,66,0,0,4,0,0,0,4,0,0,0,0,0,0,0,0,0,0,0,1,1,0
36,37,3939,83,359,221,15,3599,7608,158,745,0,0,0,0,0,23,58,0,139,4,13,42,20,1,4,0,1,0,0,0,0,0,0,531,0,116,159,7,10,60,0,0,0,1650,0,4,4,66,0,0,4,0,0,0,4,0,0,0,0,0,0,0,0,0,0,0,1,1,0
37,38,352,55,231,374,90,2245,12964,396,760,0,0,0,0,0,22,11,0,129,2,13,0,3,1,1,0,0,0,0,0,0,0,0,660,0,122,149,7,12,62,0,0,0,1975,0,3,6,261,0,0,0,0,0,0,233,0,0,0,0,14,0,0,0,0,0,0,0,0,0
38,39,352,55,231,374,90,2245,12964,396,760,0,0,0,0,0,22,11,0,129,2,13,0,3,1,1,0,0,0,0,0,0,0,0,660,0,122,149,7,12,62,0,0,0,1975,0,3,6,261,0,0,0,0,0,0,233,0,0,0,0,14,0,0,0,0,0,0,0,0,0
39,40,352,55,231,374,90,2245,12964,396,760,0,0,0,0,0,22,11,0,129,2,13,0,3,1,1,0,0,0,0,0,0,0,0,660,0,122,149,7,12,62,0,0,0,1975,0,3,6,261,0,0,0,0,0,0,233,0,0,0,0,14,0,0,0,0,0,0,0,0,0
40,41,623,55,231,374,90,3557,12971,396,760,0,0,0,0,0,22,11,0,132,2,13,0,3,1,3,0,0,0,0,0,0,0,0,674,0,128,150,7,13,64,0,0,0,2033,0,3,6,264,0,0,0,0,0,0,234,0,0,0,0,14,0,0,0,0,0,0,0,0,0
41,42,768,25,420,189,50,4048,7657,42,533,0,0,0,0,0,17,17,0,139,2,13,22,78,1,3,0,0,0,0,0,0,0,0,687,0,124,155,7,13,64,0,0,0,2090,0,8,6,264,0,0,8,0,0,0,234,0,0,0,0,11,0,0,0,0,0,0,0,0,0
42,43,763,18,420,189,50,4041,7609,42,515,0,0,0,0,0,17,17,0,139,2,13,22,78,1,3,0,0,0,0,0,0,0,0,687,0,124,155,7,13,64,0,0,0,2090,0,8,6,264,0,0,8,0,0,0,234,0,0,0,0,11,0,0,0,0,0,0,0,0,0
43,44,763,18,420,189,50,4041,7609,42,515,0,0,0,0,0,17,17,0,139,2,13,22,78,1,3,0,0,0,0,0,0,0,0,687,0,124,155,7,13,64,0,0,0,2090,0,8,6,264,0,0,8,0,0,0,234,0,0,0,0,11,0,0,0,0,0,0,0,0,0
44,45,763,18,420,189,50,4041,7609,42,515,0,0,0,0,0,17,17,0,139,2,13,22,78,1,3,0,0,0,0,0,0,0,0,687,0,124,155,7,13,64,0,0,0,2090,0,8,6,264,0,0,8,0,0,0,234,0,0,0,0,11,0,0,0,0,0,0,0,0,0
45,46,763,18,420,189,50,4041,7609,42,515,0,0,0,0,0,17,17,0,139,2,13,22,78,1,3,0,0,0,0,0,0,0,0,687,0,124,155,7,13,64,0,0,0,2090,0,8,6,264,0,0,8,0,0,0,234,0,0,0,0,11,0,0,0,0,0,0,0,0,0
46,47,1093,18,420,189,50,4449,7606,42,516,0,0,0,0,0,17,17,0,139,2,13,22,78,1,3,0,0,0,0,0,0,0,0,690,0,131,155,7,13,63,0,0,0,2196,0,8,6,264,0,0,8,0,0,0,234,0,0,0,0,11,0,0,0,0,0,0,0,0,0
47,48,1489,39,286,128,14,3615,7414,69,343,0,1,0,0,0,50,26,0,144,2,13,0,97,1,3,0,0,0,0,0,0,0,0,694,0,162,182,7,16,64,0,0,0,2670,0,3,9,265,0,0,6,0,0,0,235,0,0,0,0,10,0,0,0,0,0,0,0,0,0
48,49,1213,30,315,122,10,3759,6711,71,307,0,1,0,0,0,45,25,0,142,2,1,2,95,1,1,0,0,0,0,0,0,0,0,586,1,141,180,7,16,63,0,0,0,2039,0,3,6,130,0,0,6,0,0,0,81,0,1,0,0,0,0,0,0,0,0,0,0,0,0
49,50,1213,30,315,122,10,3760,6711,71,307,0,1,0,0,0,45,25,0,142,2,1,2,95,1,1,0,0,0,0,0,0,0,0,586,1,141,180,7,16,63,0,0,0,2039,0,3,6,130,0,0,6,0,0,0,81,0,1,0,0,0,0,0,0,0,0,0,0,0,0
50,51,884,30,315,122,10,9997,6728,71,307,0,1,0,0,0,45,25,0,142,2,1,2,95,1,1,0,0,0,0,0,0,0,0,767,1,134,251,7,20,67,0,0,0,2546,0,3,7,132,0,0,6,0,0,0,81,0,1,0,0,0,0,0,0,0,0,0,0,0,0
51,52,884,30,315,122,10,9997,6728,71,307,0,1,0,0,0,45,25,0,142,2,1,2,95,1,1,0,0,0,0,0,0,0,0,767,1,134,251,7,20,67,0,0,0,2546,0,3,7,132,0,0,6,0,0,0,81,0,1,0,0,0,0,0,0,0,0,0,0,0,0
52,53,892,72,315,142,36,10002,6865,71,314,0,1,0,0,0,45,25,0,142,2,1,2,95,1,1,0,0,0,0,0,0,0,0,767,1,134,251,7,20,67,0,0,0,2546,0,3,7,132,0,0,6,0,0,0,81,0,1,0,0,0,0,0,0,0,0,0,0,0,0
53,54,892,72,315,142,36,10002,6865,71,314,0,1,0,0,0,45,25,0,142,2,1,2,95,1,1,0,0,0,0,0,0,0,0,767,1,134,251,7,20,67,0,0,0,2546,0,3,7,132,0,0,6,0,0,0,81,0,1,0,0,0,0,0,0,0,0,0,0,0,0
54,55,892,72,315,142,36,10002,6865,71,314,0,1,0,0,0,45,25,0,142,2,1,2,95,1,1,0,0,0,0,0,0,0,0,767,1,134,251,7,20,67,0,0,0,2546,0,3,7,132,0,0,6,0,0,0,81,0,1,0,0,0,0,0,0,0,0,0,0,0,0
55,56,298,15,289,56,26,2026,3817,59,289,0,0,0,0,0,22,115,0,62,1,2,2,38,1,9,0,0,0,0,0,0,0,0,294,6,35,176,2,18,22,0,0,0,1942,0,731,8,77,0,0,4,0,0,0,80,0,0,0,0,5,0,0,2,0,0,0,0,0,0
56,57,315,15,289,56,26,2109,3814,59,289,0,0,0,0,0,22,115,0,62,1,2,2,38,1,9,0,0,0,0,0,0,0,0,259,6,32,122,2,17,21,0,0,0,1658,0,731,6,68,0,0,4,0,0,0,80,0,0,0,0,5,0,0,2,0,0,0,0,0,0
57,58,315,15,289,56,26,2109,3814,59,289,0,0,0,0,0,22,115,0,62,1,2,2,38,1,9,0,0,0,0,0,0,0,0,259,6,32,122,2,17,21,0,0,0,1658,0,731,6,68,0,0,4,0,0,0,80,0,0,0,0,5,0,0,2,0,0,0,0,0,0
58,59,276,15,240,55,26,1813,3645,59,284,0,0,0,0,0,24,113,0,33,1,2,2,17,1,7,0,0,0,0,0,0,0,0,220,0,29,119,2,11,15,0,0,0,1448,0,731,6,32,0,0,4,0,0,0,16,0,0,0,0,5,0,0,2,0,0,0,0,0,0
59,60,383,9,28,29,27,1563,3568,59,188,0,0,0,0,0,7,36,0,14,1,0,2,92,1,7,0,0,0,0,0,0,0,0,211,0,25,112,2,11,15,0,0,0,1393,0,731,6,32,0,0,0,0,0,0,16,0,0,0,0,5,0,0,2,0,0,0,0,0,0
60,61,383,9,28,29,27,1563,3568,59,188,0,0,0,0,0,7,36,0,14,1,0,2,92,1,7,0,0,0,0,0,0,0,0,211,0,25,112,2,11,15,0,0,0,1393,0,731,6,32,0,0,0,0,0,0,16,0,0,0,0,5,0,0,2,0,0,0,0,0,0
61,62,311,270,1920,257,46,1429,5984,255,520,0,0,0,0,0,57,66,0,36,1,0,1,1876,1,10,0,0,1,0,0,0,0,0,233,0,30,111,2,13,18,0,0,0,1296,0,731,7,49,0,0,0,0,0,0,18,0,0,0,0,5,0,0,2,0,0,0,0,0,0
62,63,311,270,1920,257,46,1429,5984,255,520,0,0,0,0,0,57,66,0,36,1,0,1,1876,1,10,0,0,1,0,0,0,0,0,233,0,30,111,2,13,18,0,0,0,1296,0,731,7,49,0,0,0,0,0,0,18,0,0,0,0,5,0,0,2,0,0,0,0,0,0
63,64,311,270,1920,257,46,1316,5997,255,520,0,0,0,0,0,57,66,0,36,1,0,1,1876,1,13,0,0,1,0,0,0,0,0,241,0,30,120,2,15,18,0,0,0,1452,0,731,7,67,0,0,0,0,0,0,18,0,0,0,0,5,0,0,2,0,0,0,0,0,0
64,65,311,270,1920,257,46,1316,5997,255,520,0,0,0,0,0,57,66,0,36,1,0,1,1876,1,13,0,0,1,0,0,0,0,0,241,0,30,120,2,15,18,0,0,0,1452,0,731,7,67,0,0,0,0,0,0,18,0,0,0,0,5,0,0,2,0,0,0,0,0,0
65,66,258,197,5473,930,244,6463,24536,85,793,0,0,0,0,0,532,16,0,51,5,3,1,579,13,22,0,0,14,0,0,0,0,0,227,1,125,123,3,17,21,0,0,0,994,0,425,37,34,0,0,7,0,0,0,49,0,0,0,0,6,0,0,0,0,0,0,0,0,0
66,67,258,197,5473,930,244,6463,24536,85,793,0,0,0,0,0,532,16,0,51,5,3,1,579,13,22,0,0,14,0,0,0,0,0,227,1,125,123,3,17,21,0,0,0,994,0,425,37,34,0,0,7,0,0,0,49,0,0,0,0,6,0,0,0,0,0,0,0,0,0
67,68,258,197,5473,930,244,6463,24536,85,793,0,0,0,0,0,532,16,0,51,5,3,1,579,13,22,0,0,14,0,0,0,0,0,227,1,125,123,3,17,21,0,0,0,994,0,425,37,34,0,0,7,0,0,0,49,0,0,0,0,6,0,0,0,0,0,0,0,0,0
68,69,258,197,5473,930,244,6463,24536,85,793,0,0,0,0,0,532,16,0,51,5,3,1,579,13,22,0,0,14,0,0,0,0,0,227,1,125,123,3,17,21,0,0,0,994,0,425,37,34,0,0,7,0,0,0,49,0,0,0,0,6,0,0,0,0,0,0,0,0,0
69,70,258,197,5473,930,244,6463,24536,85,793,0,0,0,0,0,532,16,0,51,5,3,1,579,13,22,0,0,14,0,0,0,0,0,227,1,125,123,3,17,21,0,0,0,994,0,425,37,34,0,0,7,0,0,0,49,0,0,0,0,6,0,0,0,0,0,0,0,0,0
70,71,652,330,5303,600,562,6813,15294,62,688,0,0,0,0,0,140,19,0,32,6,3,19,317,13,13,0,0,12,0,0,0,0,0,208,0,139,63,0,9,19,0,0,0,245,0,425,21,17,0,0,2,0,0,0,24,0,0,0,0,6,0,0,0,0,0,0,0,0,0
71,72,652,330,5303,600,562,6813,15294,62,688,0,0,0,0,0,140,19,0,32,6,3,19,317,13,13,0,0,12,0,0,0,0,0,208,0,139,63,0,9,19,0,0,0,245,0,425,21,17,0,0,2,0,0,0,24,0,0,0,0,6,0,0,0,0,0,0,0,0,0
72,73,629,214,264,508,840,6334,7928,49,578,0,1,0,0,0,100,28,0,37,5,4,19,398,13,14,0,0,63,0,0,0,0,0,227,0,172,77,0,10,20,0,0,0,338,0,1289,32,19,0,0,2,0,0,0,24,0,0,0,0,3,0,0,0,0,0,0,0,0,0
73,74,629,214,264,508,840,6334,7928,49,578,0,1,0,0,0,100,28,0,37,5,4,19,398,13,14,0,0,63,0,0,0,0,0,227,0,172,77,0,10,20,0,0,0,338,0,1289,32,19,0,0,2,0,0,0,24,0,0,0,0,3,0,0,0,0,0,0,0,0,0
74,75,629,214,264,508,840,6334,7928,49,578,0,1,0,0,0,100,28,0,37,5,4,19,398,13,14,0,0,63,0,0,0,0,0,227,0,172,77,0,10,20,0,0,0,338,0,1289,32,19,0,0,2,0,0,0,24,0,0,0,0,3,0,0,0,0,0,0,0,0,0
75,76,629,214,264,508,840,6334,7928,49,578,0,1,0,0,0,100,28,0,37,5,4,19,398,13,14,0,0,63,0,0,0,0,0,227,0,172,77,0,10,20,0,0,0,338,0,1289,32,19,0,0,2,0,0,0,24,0,0,0,0,3,0,0,0,0,0,0,0,0,0
76,77,629,214,264,508,840,6334,7928,49,578,0,1,0,0,0,100,28,0,37,5,4,19,398,13,14,0,0,63,0,0,0,0,0,227,0,172,77,0,10,20,0,0,0,338,0,1289,32,19,0,0,2,0,0,0,24,0,0,0,0,3,0,0,0,0,0,0,0,0,0
77,78,629,214,264,508,840,6334,7928,49,578,0,1,0,0,0,100,28,0,37,5,4,19,398,13,14,0,0,63,0,0,0,0,0,227,0,172,77,0,10,20,0,0,0,338,0,1289,32,19,0,0,2,0,0,0,24,0,0,0,0,3,0,0,0,0,0,0,0,0,0
78,79,629,214,264,508,840,6334,7928,49,578,0,1,0,0,0,100,28,0,37,5,4,19,398,13,14,0,0,63,0,0,0,0,0,227,0,172,77,0,10,20,0,0,0,338,0,1289,32,19,0,0,2,0,0,0,24,0,0,0,0,3,0,0,0,0,0,0,0,0,0
79,80,629,214,264,508,840,6334,7928,49,578,0,1,0,0,0,100,28,0,37,5,4,19,398,13,14,0,0,63,0,0,0,0,0,227,0,172,77,0,10,20,0,0,0,338,0,1289,32,19,0,0,2,0,0,0,24,0,0,0,0,3,0,0,0,0,0,0,0,0,0
80,81,629,214,264,508,840,6334,7928,49,578,0,1,0,0,0,100,28,0,37,5,4,19,398,13,14,0,0,63,0,0,0,0,0,227,0,172,77,0,10,20,0,0,0,338,0,1289,32,19,0,0,2,0,0,0,24,0,0,0,0,3,0,0,0,0,0,0,0,0,0
81,82,629,214,264,508,840,6334,7928,49,578,0,1,0,0,0,100,28,0,37,5,4,19,398,13,14,0,0,63,0,0,0,0,0,227,0,172,77,0,10,20,0,0,0,338,0,1289,32,19,0,0,2,0,0,0,24,0,0,0,0,3,0,0,0,0,0,0,0,0,0
82,83,629,214,264,508,840,6334,7928,49,578,0,1,0,0,0,100,28,0,37,5,4,19,398,13,14,0,0,63,0,0,0,0,0,227,0,172,77,0,10,20,0,0,0,338,0,1289,32,19,0,0,2,0,0,0,24,0,0,0,0,3,0,0,0,0,0,0,0,0,0
83,84,295,55,286,280,222,1067,2834,38,345,0,0,0,0,0,36,28,0,26,20,1,0,665,13,10,0,0,61,0,0,0,0,0,148,0,110,57,0,6,3,0,0,0,213,0,0,27,3,0,0,2,0,0,0,2,0,0,0,0,1,0,0,0,0,0,0,0,0,0
84,85,295,55,286,280,222,1067,2834,38,345,0,0,0,0,0,36,28,0,26,20,1,0,665,13,10,0,0,61,0,0,0,0,0,148,0,110,57,0,6,3,0,0,0,213,0,0,27,3,0,0,2,0,0,0,2,0,0,0,0,1,0,0,0,0,0,0,0,0,0
85,86,199,48,238,229,224,678,2125,14,350,0,0,0,0,0,12,37,0,26,20,0,0,728,13,10,0,0,61,0,0,0,0,0,140,0,98,54,0,6,3,0,0,0,187,0,0,27,3,0,0,2,0,0,0,2,0,0,0,0,1,0,0,0,0,0,0,0,0,0
86,87,192,42,111,251,177,510,1723,16,173,0,0,0,0,0,6,12,0,12,6,1,0,510,13,10,0,0,3,0,0,0,0,0,137,0,96,51,0,5,3,0,0,0,175,0,0,27,3,0,0,2,0,0,0,2,0,0,0,0,0,0,0,0,0,0,0,0,0,0
87,88,192,42,111,251,177,510,1723,16,173,0,0,0,0,0,6,12,0,12,6,1,0,510,13,10,0,0,3,0,0,0,0,0,137,0,96,51,0,5,3,0,0,0,175,0,0,27,3,0,0,2,0,0,0,2,0,0,0,0,0,0,0,0,0,0,0,0,0,0
88,89,192,42,111,251,177,510,1723,16,173,0,0,0,0,0,6,12,0,12,6,1,0,510,13,10,0,0,3,0,0,0,0,0,137,0,96,51,0,5,3,0,0,0,175,0,0,27,3,0,0,2,0,0,0,2,0,0,0,0,0,0,0,0,0,0,0,0,0,0
89,90,386,117,312,346,249,757,3443,55,213,0,0,0,0,0,15,3,0,14,8,1,66,373,13,10,0,0,7,0,0,0,0,0,124,0,81,34,2,5,1,0,0,0,69,0,0,14,1,0,0,2,0,0,0,2,0,0,0,0,0,0,0,0,0,0,0,0,0,1
90,91,386,117,312,346,249,757,3443,55,213,0,0,0,0,0,15,3,0,14,8,1,66,373,13,10,0,0,7,0,0,0,0,0,124,0,81,34,2,5,1,0,0,0,69,0,0,14,1,0,0,2,0,0,0,2,0,0,0,0,0,0,0,0,0,0,0,0,0,1
91,92,386,117,312,346,249,757,3443,55,213,0,0,0,0,0,15,3,0,14,8,1,66,373,13,10,0,0,7,0,0,0,0,0,124,0,81,34,2,5,1,0,0,0,69,0,0,14,1,0,0,2,0,0,0,2,0,0,0,0,0,0,0,0,0,0,0,0,0,1
92,93,385,116,312,346,249,757,3440,55,213,0,0,0,0,0,14,3,0,14,8,1,66,373,13,10,0,0,7,0,0,0,0,0,120,0,81,32,2,5,1,0,0,0,68,0,0,14,1,0,0,2,0,0,0,2,0,0,0,0,0,0,0,0,0,0,0,0,0,1
93,94,420,132,1297,859,78,1513,6352,36,427,0,0,0,0,0,55,9,0,10,3,1,18,1380,13,27,0,1,47,0,0,0,0,0,497,0,266,117,5,47,112,0,0,0,261,0,0,42,23,0,0,2,0,0,0,8,33,0,0,0,0,0,0,0,0,0,0,0,0,0
94,95,420,132,1297,859,78,1513,6352,36,427,0,0,0,0,0,55,9,0,10,3,1,18,1380,13,27,0,1,47,0,0,0,0,0,497,0,266,117,5,47,112,0,0,0,261,0,0,42,23,0,0,2,0,0,0,8,33,0,0,0,0,0,0,0,0,0,0,0,0,0
95,96,420,132,1297,859,78,1513,6358,36,427,0,0,0,0,0,55,9,0,10,3,1,18,1380,13,27,0,1,47,0,0,0,0,0,497,0,266,117,5,47,112,0,0,0,261,0,0,42,23,0,0,2,0,0,0,8,33,0,0,0,0,0,0,0,0,0,0,0,0,0
96,97,420,132,1297,859,78,1513,6358,36,427,0,0,0,0,0,55,9,0,10,3,1,18,1380,13,27,0,1,47,0,0,0,0,0,497,0,266,117,5,47,112,0,0,0,261,0,0,42,23,0,0,2,0,0,0,8,33,0,0,0,0,0,0,0,0,0,0,0,0,0
97,98,420,132,1297,859,78,1513,6358,36,427,0,0,0,0,0,55,9,0,10,3,1,18,1380,13,27,0,1,47,0,0,0,0,0,497,0,266,117,5,47,112,0,0,0,261,0,0,42,23,0,0,2,0,0,0,8,33,0,0,0,0,0,0,0,0,0,0,0,0,0
98,99,420,132,1297,859,78,1513,6358,36,427,0,0,0,0,0,55,9,0,10,3,1,18,1380,13,27,0,1,47,0,0,0,0,0,497,0,266,117,5,47,112,0,0,0,261,0,0,42,23,0,0,2,0,0,0,8,33,0,0,0,0,0,0,0,0,0,0,0,0,0
99,100,390,119,1327,370,128,692,5530,61,261,0,0,0,0,0,42,6,0,9,0,0,0,741,13,28,0,0,51,0,0,0,0,0,382,0,177,95,4,48,79,0,0,0,207,0,0,40,15,0,0,2,0,0,0,6,33,0,0,0,0,0,0,0,0,0,0,0,0,0
100,101,386,146,485,320,86,1015,5003,54,284,0,0,0,0,0,44,2,0,9,1,0,0,666,13,20,0,0,54,0,0,0,0,0,428,1,278,147,1,87,65,0,0,0,228,1,0,70,21,0,0,1,0,0,0,7,45,2,0,0,0,0,0,0,0,0,0,0,0,0
101,102,386,146,485,320,86,1015,5003,54,284,0,0,0,0,0,44,2,0,9,1,0,0,666,13,20,0,0,54,0,0,0,0,0,428,1,278,147,1,87,65,0,0,0,228,1,0,70,21,0,0,1,0,0,0,7,45,2,0,0,0,0,0,0,0,0,0,0,0,0
102,103,386,146,485,320,86,1015,5003,54,284,0,0,0,0,0,44,2,0,9,1,0,0,666,13,20,0,0,54,0,0,0,0,0,428,1,278,147,1,87,65,0,0,0,228,1,0,70,21,0,0,1,0,0,0,7,45,2,0,0,0,0,0,0,0,0,0,0,0,0
103,104,386,152,484,320,86,1015,5015,54,284,0,0,0,0,0,49,2,0,9,1,0,0,666,13,20,0,0,54,0,0,0,0,0,428,1,277,147,1,87,65,0,0,0,228,1,0,70,21,0,0,1,0,0,0,7,45,2,0,0,0,0,0,0,0,0,0,0,0,0
104,105,386,152,484,320,86,1015,5015,54,284,0,0,0,0,0,49,2,0,9,1,0,0,666,13,20,0,0,54,0,0,0,0,0,428,1,277,147,1,87,65,0,0,0,228,1,0,70,21,0,0,1,0,0,0,7,45,2,0,0,0,0,0,0,0,0,0,0,0,0
105,106,159,110,169,125,36,834,3359,11,306,0,0,0,0,0,43,1,0,9,1,0,0,252,13,20,0,0,32,0,0,0,0,0,406,1,260,176,2,91,59,0,0,0,200,1,0,68,20,0,0,1,0,0,0,1,48,2,0,0,0,0,0,0,0,0,0,0,0,0
106,107,159,110,169,125,36,834,3359,11,306,0,0,0,0,0,43,1,0,9,1,0,0,252,13,20,0,0,32,0,0,0,0,0,406,1,260,176,2,91,59,0,0,0,200,1,0,68,20,0,0,1,0,0,0,1,48,2,0,0,0,0,0,0,0,0,0,0,0,0
107,108,159,110,169,125,36,834,3359,11,306,0,0,0,0,0,43,1,0,9,1,0,0,252,13,20,0,0,32,0,0,0,0,0,406,1,260,176,2,91,59,0,0,0,200,1,0,68,20,0,0,1,0,0,0,1,48,2,0,0,0,0,0,0,0,0,0,0,0,0
108,109,201,140,186,138,69,983,3902,15,423,0,0,0,0,0,33,5,0,17,6,0,0,253,13,20,0,0,46,0,0,0,0,0,410,1,274,178,1,91,51,0,0,0,196,1,0,78,26,0,0,1,0,0,0,1,48,2,0,0,0,0,0,0,0,0,0,0,0,0
109,110,201,140,186,138,69,983,3902,15,423,0,0,0,0,0,33,5,0,17,6,0,0,253,13,20,0,0,46,0,0,0,0,0,410,1,274,178,1,91,51,0,0,0,196,1,0,78,26,0,0,1,0,0,0,1,48,2,0,0,0,0,0,0,0,0,0,0,0,0
110,111,201,140,186,138,69,983,3902,15,423,0,0,0,0,0,33,5,0,17,6,0,0,253,13,20,0,0,46,0,0,0,0,0,410,1,274,178,1,91,51,0,0,0,196,1,0,78,26,0,0,1,0,0,0,1,48,2,0,0,0,0,0,0,0,0,0,0,0,0
111,112,201,140,186,138,69,983,3902,15,423,0,0,0,0,0,33,5,0,17,6,0,0,253,13,20,0,0,46,0,0,0,0,0,410,1,274,178,1,91,51,0,0,0,196,1,0,78,26,0,0,1,0,0,0,1,48,2,0,0,0,0,0,0,0,0,0,0,0,0
112,113,1431,296,302,308,150,1064,3272,115,658,0,0,0,0,0,45,22,0,42,22,1,36,232,13,45,0,0,49,0,0,0,0,0,429,1,232,99,4,92,66,0,0,0,39,1,0,60,3,0,0,1,0,0,0,1,11,2,0,0,0,0,0,0,0,0,0,0,0,0
113,114,1431,296,302,308,150,1064,3272,115,658,0,0,0,0,0,45,22,0,42,22,1,36,232,13,45,0,0,49,0,0,0,0,0,429,1,232,99,4,92,66,0,0,0,39,1,0,60,3,0,0,1,0,0,0,1,11,2,0,0,0,0,0,0,0,0,0,0,0,0
114,115,1431,296,302,308,150,1064,3272,115,658,0,0,0,0,0,45,22,0,42,22,1,36,232,13,45,0,0,49,0,0,0,0,0,429,1,232,99,4,92,66,0,0,0,39,1,0,60,3,0,0,1,0,0,0,1,11,2,0,0,0,0,0,0,0,0,0,0,0,0
115,116,1431,296,302,308,150,1064,3272,115,658,0,0,0,0,0,45,22,0,42,22,1,36,232,13,45,0,0,49,0,0,0,0,0,429,1,232,99,4,92,66,0,0,0,39,1,0,60,3,0,0,1,0,0,0,1,11,2,0,0,0,0,0,0,0,0,0,0,0,0
116,117,1431,296,302,308,150,1064,3272,115,658,0,0,0,0,0,45,22,0,42,22,1,36,232,13,45,0,0,49,0,0,0,0,0,429,1,232,99,4,92,66,0,0,0,39,1,0,60,3,0,0,1,0,0,0,1,11,2,0,0,0,0,0,0,0,0,0,0,0,0
117,118,1431,296,302,308,150,1064,3272,115,658,0,0,0,0,0,45,22,0,42,22,1,36,232,13,45,0,0,49,0,0,0,0,0,429,1,232,99,4,92,66,0,0,0,39,1,0,60,3,0,0,1,0,0,0,1,11,2,0,0,0,0,0,0,0,0,0,0,0,0
118,119,1431,296,302,308,150,1064,3272,115,658,0,0,0,0,0,45,22,0,42,22,1,36,232,13,45,0,0,49,0,0,0,0,0,429,1,232,99,4,92,66,0,0,0,39,1,0,60,3,0,0,1,0,0,0,1,11,2,0,0,0,0,0,0,0,0,0,0,0,0
119,120,1431,296,302,308,150,1064,3272,115,658,0,0,0,0,0,45,22,0,42,22,1,36,232,13,45,0,0,49,0,0,0,0,0,429,1,232,99,4,92,66,0,0,0,39,1,0,60,3,0,0,1,0,0,0,1,11,2,0,0,0,0,0,0,0,0,0,0,0,0
120,121,1431,296,302,308,150,1064,3272,115,658,0,0,0,0,0,45,22,0,42,22,1,36,232,13,45,0,0,49,0,0,0,0,0,429,1,232,99,4,92,66,0,0,0,39,1,0,60,3,0,0,1,0,0,0,1,11,2,0,0,0,0,0,0,0,0,0,0,0,0
121,122,1431,296,302,308,150,1064,3272,115,658,0,0,0,0,0,45,22,0,42,22,1,36,232,13,45,0,0,49,0,0,0,0,0,429,1,232,99,4,92,66,0,0,0,39,1,0,60,3,0,0,1,0,0,0,1,11,2,0,0,0,0,0,0,0,0,0,0,0,0
122,123,1192,306,336,295,177,991,2605,114,844,0,1,0,0,0,40,32,0,53,41,1,36,437,13,24,0,0,53,0,0,0,0,0,377,1,206,100,7,64,53,0,0,0,42,1,0,52,3,0,0,2,0,0,0,1,11,2,0,0,0,0,0,0,0,0,0,0,0,0
123,124,1192,306,336,295,177,991,2605,114,844,0,1,0,0,0,40,32,0,53,41,1,36,437,13,24,0,0,53,0,0,0,0,0,377,1,206,100,7,64,53,0,0,0,42,1,0,52,3,0,0,2,0,0,0,1,11,2,0,0,0,0,0,0,0,0,0,0,0,0
124,125,381,120,336,129,63,575,2359,74,904,0,1,0,0,0,29,25,0,99,36,7,102,621,13,24,0,0,53,0,0,0,0,0,371,1,197,97,4,74,42,0,0,0,42,1,0,58,2,0,0,2,0,0,0,1,11,2,0,0,0,0,0,0,0,0,0,0,0,0
125,126,913,92,281,134,45,969,2407,67,654,0,0,0,0,0,34,10,0,93,15,7,102,1598,13,30,0,0,53,0,0,0,0,0,399,2,203,103,7,76,46,0,0,0,46,1,0,59,2,0,0,5,0,0,0,1,11,2,0,0,0,0,0,0,0,0,0,0,0,0
126,127,913,92,281,134,45,969,2407,67,654,0,0,0,0,0,34,10,0,93,15,7,102,1598,13,30,0,0,53,0,0,0,0,0,399,2,203,103,7,76,46,0,0,0,46,1,0,59,2,0,0,5,0,0,0,1,11,2,0,0,0,0,0,0,0,0,0,0,0,0
127,128,913,92,281,134,45,969,2407,67,654,0,0,0,0,0,34,10,0,93,15,7,102,1598,13,30,0,0,53,0,0,0,0,0,399,2,203,103,7,76,46,0,0,0,46,1,0,59,2,0,0,5,0,0,0,1,11,2,0,0,0,0,0,0,0,0,0,0,0,0
128,129,913,92,281,134,45,969,2407,67,654,0,0,0,0,0,34,10,0,93,15,7,102,1598,13,30,0,0,53,0,0,0,0,0,399,2,203,103,7,76,46,0,0,0,46,1,0,59,2,0,0,5,0,0,0,1,11,2,0,0,0,0,0,0,0,0,0,0,0,0
129,130,292,184,704,661,69,395,2402,207,259,0,0,0,0,0,61,8,0,26,14,7,76,1749,13,24,1,0,43,0,0,0,0,0,323,2,213,97,0,68,49,0,0,0,30,3,0,53,2,0,0,1,0,0,0,1,11,2,0,0,0,0,0,0,0,0,0,0,0,0
130,131,292,184,704,661,69,395,2402,207,259,0,0,0,0,0,61,8,0,26,14,7,76,1749,13,24,1,0,43,0,0,0,0,0,323,2,213,97,0,68,49,0,0,0,30,3,0,53,2,0,0,1,0,0,0,1,11,2,0,0,0,0,0,0,0,0,0,0,0,0
131,132,292,184,704,661,69,395,2402,207,259,0,0,0,0,0,61,8,0,26,14,7,76,1749,13,24,1,0,43,0,0,0,0,0,323,2,213,97,0,68,49,0,0,0,30,3,0,53,2,0,0,1,0,0,0,1,11,2,0,0,0,0,0,0,0,0,0,0,0,0
132,133,232,366,602,539,54,452,2747,212,358,0,0,0,0,0,24,3,0,15,5,138,103,2012,13,19,1,0,43,0,0,0,0,0,296,2,209,92,0,68,46,0,0,0,30,3,0,53,2,0,0,1,0,0,0,1,11,2,0,0,0,0,0,0,0,0,0,0,0,0
133,134,232,366,602,539,54,452,2747,212,358,0,0,0,0,0,24,3,0,15,5,138,103,2012,13,19,1,0,43,0,0,0,0,0,296,2,209,92,0,68,46,0,0,0,30,3,0,53,2,0,0,1,0,0,0,1,11,2,0,0,0,0,0,0,0,0,0,0,0,0
134,135,232,366,602,539,54,452,2747,212,358,0,0,0,0,0,24,3,0,15,5,138,103,2012,13,19,1,0,43,0,0,0,0,0,296,2,209,92,0,68,46,0,0,0,30,3,0,53,2,0,0,1,0,0,0,1,11,2,0,0,0,0,0,0,0,0,0,0,0,0
135,136,232,366,602,539,54,452,2747,212,358,0,0,0,0,0,24,3,0,15,5,138,103,2012,13,19,1,0,43,0,0,0,0,0,296,2,209,92,0,68,46,0,0,0,30,3,0,53,2,0,0,1,0,0,0,1,11,2,0,0,0,0,0,0,0,0,0,0,0,0
136,137,171,366,820,182,86,407,3560,40,341,0,0,0,0,0,20,2,0,14,6,199,47,1844,13,23,0,0,45,0,0,0,0,0,320,2,226,93,0,68,49,0,0,0,30,3,0,59,2,0,0,1,0,0,0,0,11,2,0,0,0,0,0,0,0,0,0,0,0,0
137,138,171,366,820,182,86,407,3560,40,341,0,0,0,0,0,20,2,0,14,6,199,47,1844,13,23,0,0,45,0,0,0,0,0,320,2,226,93,0,68,49,0,0,0,30,3,0,59,2,0,0,1,0,0,0,0,11,2,0,0,0,0,0,0,0,0,0,0,0,0
138,139,171,366,820,182,86,407,3560,40,341,0,0,0,0,0,20,2,0,14,6,199,47,1844,13,23,0,0,45,0,0,0,0,0,320,2,226,93,0,68,49,0,0,0,30,3,0,59,2,0,0,1,0,0,0,0,11,2,0,0,0,0,0,0,0,0,0,0,0,0
139,140,161,220,1019,72,52,387,3752,26,213,0,0,0,0,0,15,1,0,24,10,265,153,2999,13,23,2,0,42,0,0,0,0,0,360,2,253,101,1,96,48,0,0,0,30,4,0,68,2,0,0,1,0,0,0,0,17,2,0,0,0,0,0,0,0,0,0,0,0,0
140,141,296,234,346,61,22,667,2526,20,235,0,0,0,0,0,8,0,0,26,8,279,153,2903,13,24,2,0,43,0,0,0,0,0,348,1,246,104,3,96,47,0,0,0,30,4,0,67,2,0,0,1,0,0,0,0,17,2,0,0,0,0,0,0,0,0,0,0,0,0
141,142,296,234,346,61,22,667,2526,20,235,0,0,0,0,0,8,0,0,26,8,279,153,2903,13,24,2,0,43,0,0,0,0,0,348,1,246,104,3,96,47,0,0,0,30,4,0,67,2,0,0,1,0,0,0,0,17,2,0,0,0,0,0,0,0,0,0,0,0,0
142,143,296,234,346,61,22,667,2526,20,235,0,0,0,0,0,8,0,0,26,8,279,153,2903,13,24,2,0,43,0,0,0,0,0,348,1,246,104,3,96,47,0,0,0,30,4,0,67,2,0,0,1,0,0,0,0,17,2,0,0,0,0,0,0,0,0,0,0,0,0
143,144,296,234,346,61,22,667,2526,20,235,0,0,0,0,0,8,0,0,26,8,279,153,2903,13,24,2,0,43,0,0,0,0,0,348,1,246,104,3,96,47,0,0,0,30,4,0,67,2,0,0,1,0,0,0,0,17,2,0,0,0,0,0,0,0,0,0,0,0,0
144,145,464,419,182,94,225,1333,4527,14,1146,0,1,0,0,0,90,13,0,61,29,7,2,5993,1,20,0,0,0,0,0,0,0,0,1009,5,536,383,4,513,15,0,0,0,0,14,0,241,0,0,2,1,0,0,0,0,93,5,0,0,0,0,0,0,0,0,0,0,0,0
145,146,464,419,182,94,225,1333,4527,14,1146,0,1,0,0,0,90,13,0,61,29,7,2,5993,1,20,0,0,0,0,0,0,0,0,1009,5,536,383,4,513,15,0,0,0,0,14,0,241,0,0,2,1,0,0,0,0,93,5,0,0,0,0,0,0,0,0,0,0,0,0
146,147,464,419,182,94,225,1333,4527,14,1146,0,1,0,0,0,90,13,0,61,29,7,2,5993,1,20,0,0,0,0,0,0,0,0,1009,5,536,383,4,513,15,0,0,0,0,14,0,241,0,0,2,1,0,0,0,0,93,5,0,0,0,0,0,0,0,0,0,0,0,0
147,148,464,419,182,94,225,1333,4527,14,1146,0,1,0,0,0,90,13,0,61,29,7,2,5993,1,20,0,0,0,0,0,0,0,0,1009,5,536,383,4,513,15,0,0,0,0,14,0,241,0,0,2,1,0,0,0,0,93,5,0,0,0,0,0,0,0,0,0,0,0,0
148,149,461,391,182,94,225,1333,4444,14,1146,0,1,0,0,0,90,13,0,61,29,7,2,5993,1,20,0,0,0,0,0,0,0,0,1007,5,536,383,4,513,15,0,0,0,0,14,0,239,0,0,2,1,0,0,0,0,93,5,0,0,0,0,0,0,0,0,0,0,0,0
149,150,461,391,182,94,225,1333,4444,14,1146,0,1,0,0,0,90,13,0,61,29,7,2,5993,1,20,0,0,0,0,0,0,0,0,1007,5,536,383,4,513,15,0,0,0,0,14,0,239,0,0,2,1,0,0,0,0,93,5,0,0,0,0,0,0,0,0,0,0,0,0
150,151,319,275,414,95,580,1386,4116,50,1563,0,4,0,0,0,119,43,0,107,59,1,0,1561,1,20,0,0,0,0,0,0,0,0,1015,13,657,398,4,523,15,0,0,0,2,24,0,259,0,0,2,1,0,0,0,0,93,5,0,0,0,0,0,0,0,0,0,0,0,0
151,152,319,275,414,95,580,1386,4116,50,1563,0,4,0,0,0,119,43,0,107,59,1,0,1561,1,20,0,0,0,0,0,0,0,0,1015,13,657,398,4,523,15,0,0,0,2,24,0,259,0,0,2,1,0,0,0,0,93,5,0,0,0,0,0,0,0,0,0,0,0,0
152,153,169,276,532,122,758,1242,4268,57,2089,0,5,0,0,0,102,42,0,92,63,0,0,1577,1,20,0,0,0,0,0,0,0,0,968,14,652,371,3,472,14,0,0,0,2,32,0,242,0,0,2,0,0,0,0,0,76,5,0,0,1,0,0,0,0,0,0,0,0,0
153,154,170,283,532,122,758,1242,4336,57,2089,0,5,0,0,0,103,42,0,92,63,0,0,1577,1,20,0,0,0,0,0,0,0,0,968,14,652,371,3,472,14,0,0,0,2,32,0,242,0,0,2,0,0,0,0,0,76,5,0,0,1,0,0,0,0,0,0,0,0,0
154,155,170,283,532,122,758,1242,4336,57,2089,0,5,0,0,0,103,42,0,92,63,0,0,1577,1,20,0,0,0,0,0,0,0,0,968,14,652,371,3,472,14,0,0,0,2,32,0,242,0,0,2,0,0,0,0,0,76,5,0,0,1,0,0,0,0,0,0,0,0,0
155,156,201,598,540,321,1315,896,5752,73,2482,0,2,0,0,0,198,36,0,50,45,0,9,1823,1,20,0,0,0,0,0,0,0,0,968,6,555,359,4,463,14,0,0,0,1,22,0,225,0,0,2,1,0,0,0,0,76,5,0,0,1,0,0,0,0,0,0,0,0,0
156,157,201,598,540,321,1315,896,5752,73,2482,0,2,0,0,0,198,36,0,50,45,0,9,1823,1,20,0,0,0,0,0,0,0,0,968,6,555,359,4,463,14,0,0,0,1,22,0,225,0,0,2,1,0,0,0,0,76,5,0,0,1,0,0,0,0,0,0,0,0,0
157,158,1498,891,535,541,1161,366,6738,65,2610,0,1,0,0,0,221,30,0,34,29,0,16,1963,1,21,0,0,0,0,0,0,0,0,859,2,509,343,2,409,14,0,0,0,1,12,0,188,0,0,1,1,0,0,0,0,69,5,0,0,1,0,0,0,0,0,0,0,0,0
158,159,1498,891,535,541,1161,366,6738,65,2610,0,1,0,0,0,221,30,0,34,29,0,16,1963,1,21,0,0,0,0,0,0,0,0,859,2,509,343,2,409,14,0,0,0,1,12,0,188,0,0,1,1,0,0,0,0,69,5,0,0,1,0,0,0,0,0,0,0,0,0
159,160,1498,891,535,541,1161,366,6738,65,2610,0,1,0,0,0,221,30,0,34,29,0,16,1963,1,21,0,0,0,0,0,0,0,0,859,2,509,343,2,409,14,0,0,0,1,12,0,188,0,0,1,1,0,0,0,0,69,5,0,0,1,0,0,0,0,0,0,0,0,0
160,161,1498,891,535,541,1161,366,6738,65,2610,0,1,0,0,0,221,30,0,34,29,0,16,1963,1,21,0,0,0,0,0,0,0,0,859,2,509,343,2,409,14,0,0,0,1,12,0,188,0,0,1,1,0,0,0,0,69,5,0,0,1,0,0,0,0,0,0,0,0,0
161,162,1461,823,291,357,196,356,7156,12,948,0,1,0,0,0,138,3,0,13,7,0,7,1355,1,21,0,0,0,0,0,0,0,0,858,2,486,341,1,409,14,0,0,0,0,12,0,186,0,0,1,0,0,0,0,0,69,5,0,0,1,0,0,0,0,0,0,0,0,0
162,163,1461,823,291,357,196,356,7156,12,948,0,1,0,0,0,138,3,0,13,7,0,7,1355,1,21,0,0,0,0,0,0,0,0,858,2,486,341,1,409,14,0,0,0,0,12,0,186,0,0,1,0,0,0,0,0,69,5,0,0,1,0,0,0,0,0,0,0,0,0
163,164,1362,1166,559,359,75,338,8069,8,467,0,0,0,0,0,114,1,0,2,0,0,36,1741,2,12,0,0,0,0,0,0,0,0,1132,3,554,300,1,546,12,0,0,0,1,22,0,218,0,0,0,0,0,0,0,0,98,2,0,0,1,0,0,0,0,0,0,0,0,0
164,165,1315,1041,500,369,66,435,6448,27,640,0,0,0,0,0,69,0,0,4,0,0,36,1937,2,13,0,0,0,0,0,0,0,0,1170,6,597,321,9,548,20,0,2,0,4,22,0,228,0,0,0,0,0,0,0,0,98,4,0,0,1,0,0,0,0,0,0,0,0,0
165,166,1315,1041,500,369,66,435,6448,27,640,0,0,0,0,0,69,0,0,4,0,0,36,1937,2,13,0,0,0,0,0,0,0,0,1170,6,597,321,9,548,20,0,2,0,4,22,0,228,0,0,0,0,0,0,0,0,98,4,0,0,1,0,0,0,0,0,0,0,0,0
166,167,227,793,366,279,36,421,3646,41,582,0,0,0,0,0,32,0,0,7,5,0,10,1293,5,13,0,0,4,0,0,0,0,0,1560,4,732,394,10,719,27,0,2,0,4,36,0,337,0,0,0,0,0,0,0,0,135,7,0,0,0,0,0,0,0,0,0,0,0,0
167,168,218,728,434,227,6,185,2198,22,325,0,0,0,0,0,14,0,0,5,5,0,10,892,5,12,0,0,4,0,0,0,0,0,1557,1,746,381,2,737,20,0,0,0,1,41,0,338,0,0,0,0,0,0,0,0,135,5,0,0,0,0,0,0,0,0,0,0,0,0
168,169,181,648,407,147,4,112,1745,15,510,0,0,0,0,0,14,0,0,5,1,0,4,1832,8,17,0,0,4,0,0,0,0,0,1804,1,803,410,4,905,27,4,1,0,1,57,0,438,0,0,0,0,0,0,0,0,140,3,0,0,0,0,0,0,0,0,0,0,0,0
169,170,181,648,407,147,4,112,1745,15,510,0,0,0,0,0,14,0,0,5,1,0,4,1832,8,17,0,0,4,0,0,0,0,0,1804,1,803,410,4,905,27,4,1,0,1,57,0,438,0,0,0,0,0,0,0,0,140,3,0,0,0,0,0,0,0,0,0,0,0,0
170,171,71,345,418,74,0,97,1131,0,421,0,0,0,0,0,11,0,0,2,0,0,0,1622,4,16,0,0,0,0,0,0,0,0,1604,1,718,372,1,827,21,1,1,0,1,32,0,290,0,0,1,0,0,0,0,0,138,2,0,0,0,0,0,0,0,0,0,0,0,0
171,172,362,224,357,41,1,91,1769,0,132,0,0,0,0,0,8,0,0,6,7,0,9,1331,4,16,0,0,0,0,0,0,0,0,1595,1,664,366,1,826,21,0,1,0,1,28,0,291,0,0,1,0,0,0,0,0,138,2,0,0,0,0,0,0,0,0,0,0,0,0
172,173,362,224,357,41,1,91,1769,0,132,0,0,0,0,0,8,0,0,6,7,0,9,1331,4,16,0,0,0,0,0,0,0,0,1595,1,664,366,1,826,21,0,1,0,1,28,0,291,0,0,1,0,0,0,0,0,138,2,0,0,0,0,0,0,0,0,0,0,0,0
173,174,362,224,357,41,1,91,1769,0,132,0,0,0,0,0,8,0,0,6,7,0,9,1331,4,16,0,0,0,0,0,0,0,0,1595,1,664,366,1,826,21,0,1,0,1,28,0,291,0,0,1,0,0,0,0,0,138,2,0,0,0,0,0,0,0,0,0,0,0,0
174,175,727,377,454,52,11,217,2317,0,122,0,3,0,0,0,9,0,0,6,8,0,13,1319,10,11,0,0,1,0,0,0,0,0,1654,5,574,398,5,749,27,1,11,0,2,49,0,312,0,0,0,0,0,0,0,0,118,2,1,0,0,0,0,0,0,0,0,0,0,0
175,176,967,671,403,68,10,254,3360,0,79,0,3,0,0,0,11,0,0,1,1,0,140,974,10,11,0,0,1,0,0,0,0,0,1589,5,488,389,5,715,26,1,11,0,2,41,0,286,0,0,0,0,0,0,0,0,118,2,1,0,0,0,0,0,0,0,0,0,0,0
176,177,967,671,403,68,10,254,3360,0,79,0,3,0,0,0,11,0,0,1,1,0,140,974,10,11,0,0,1,0,0,0,0,0,1589,5,488,389,5,715,26,1,11,0,2,41,0,286,0,0,0,0,0,0,0,0,118,2,1,0,0,0,0,0,0,0,0,0,0,0
177,178,967,671,403,68,10,254,3360,0,79,0,3,0,0,0,11,0,0,1,1,0,140,974,10,11,0,0,1,0,0,0,0,0,1589,5,488,389,5,715,26,1,11,0,2,41,0,286,0,0,0,0,0,0,0,0,118,2,1,0,0,0,0,0,0,0,0,0,0,0
178,179,967,671,403,68,10,254,3360,0,79,0,3,0,0,0,11,0,0,1,1,0,140,974,10,11,0,0,1,0,0,0,0,0,1589,5,488,389,5,715,26,1,11,0,2,41,0,286,0,0,0,0,0,0,0,0,118,2,1,0,0,0,0,0,0,0,0,0,0,0
179,180,967,671,403,68,10,254,3360,0,79,0,3,0,0,0,11,0,0,1,1,0,140,974,10,11,0,0,1,0,0,0,0,0,1589,5,488,389,5,715,26,1,11,0,2,41,0,286,0,0,0,0,0,0,0,0,118,2,1,0,0,0,0,0,0,0,0,0,0,0
180,181,660,555,294,54,10,243,2397,0,71,0,3,0,0,0,6,0,0,1,1,0,29,938,10,11,0,0,1,0,0,0,0,0,1589,5,488,389,5,715,26,1,11,0,2,41,0,286,0,0,0,0,0,0,0,0,118,2,1,0,0,0,0,0,0,0,0,0,0,0
181,182,1468,1006,369,77,11,383,3254,3,84,0,3,0,0,0,72,0,0,7,3,0,4,1238,10,11,0,0,1,0,0,0,0,0,1589,5,489,389,5,715,26,1,11,0,2,41,0,286,0,0,0,0,0,0,0,0,118,2,1,0,0,0,0,0,0,0,0,0,0,0
182,183,478,1949,410,109,49,244,6601,0,235,0,4,0,0,0,17,2,0,9,4,0,0,2628,7,9,0,0,1,0,0,0,0,0,1508,6,456,393,3,695,22,1,10,0,2,34,0,261,0,0,0,0,0,0,0,0,113,1,1,0,0,0,0,0,0,0,0,0,0,0
183,184,478,1949,410,109,49,244,6601,0,235,0,4,0,0,0,17,2,0,9,4,0,0,2628,7,9,0,0,1,0,0,0,0,0,1508,6,456,393,3,695,22,1,10,0,2,34,0,261,0,0,0,0,0,0,0,0,113,1,1,0,0,0,0,0,0,0,0,0,0,0
184,185,478,1949,410,109,49,244,6729,0,235,0,4,0,0,0,17,2,0,9,4,0,0,2628,7,9,0,0,1,0,0,0,0,0,1508,6,456,393,3,695,22,1,10,0,2,34,0,261,0,0,0,0,0,0,0,0,113,1,1,0,0,0,0,0,0,0,0,0,0,0
185,186,478,1949,410,109,49,244,6657,0,235,0,4,0,0,0,17,2,0,9,4,0,0,2628,7,9,0,0,1,0,0,0,0,0,1508,6,456,393,3,695,22,1,10,0,2,34,0,261,0,0,0,0,0,0,0,0,113,1,1,0,0,0,0,0,0,0,0,0,0,0
186,187,478,1949,410,110,49,244,6748,0,235,0,4,0,0,0,17,2,0,9,4,0,0,2628,7,9,0,0,1,0,0,0,0,0,1508,6,456,393,3,695,22,1,10,0,2,34,0,261,0,0,0,0,0,0,0,0,113,1,1,0,0,0,0,0,0,0,0,0,0,0
187,188,478,1949,410,110,49,244,6748,0,235,0,4,0,0,0,17,2,0,9,4,0,0,2628,7,9,0,0,1,0,0,0,0,0,1508,6,456,393,3,695,22,1,10,0,2,34,0,261,0,0,0,0,0,0,0,0,113,1,1,0,0,0,0,0,0,0,0,0,0,0
188,189,478,1949,410,110,49,244,6748,0,235,0,4,0,0,0,17,2,0,9,4,0,0,2628,7,9,0,0,1,0,0,0,0,0,1508,6,456,393,3,695,22,1,10,0,2,34,0,261,0,0,0,0,0,0,0,0,113,1,1,0,0,0,0,0,0,0,0,0,0,0
189,190,233,793,128,74,24,249,3474,0,110,0,6,0,0,1,14,0,0,6,3,0,0,2368,7,9,0,0,1,0,0,0,0,0,1509,6,460,393,3,695,22,1,10,0,2,36,0,262,0,0,0,0,0,0,0,0,113,1,1,0,0,0,0,0,0,0,0,1,0,0
190,191,307,1014,124,98,14,936,3097,0,85,0,3,0,0,1,12,0,0,4,0,0,4,2443,7,7,0,0,4,0,0,0,0,0,1444,4,510,366,7,603,11,1,8,0,2,45,0,264,0,0,0,0,0,0,0,0,107,2,1,0,0,0,0,0,0,0,0,1,0,0
191,192,307,1014,124,98,14,936,3097,0,85,0,3,0,0,1,12,0,0,4,0,0,4,2443,7,7,0,0,4,0,0,0,0,0,1444,4,510,366,7,603,11,1,8,0,2,45,0,264,0,0,0,0,0,0,0,0,107,2,1,0,0,0,0,0,0,0,0,1,0,0
192,193,307,1014,124,98,14,936,3097,0,85,0,3,0,0,1,12,0,0,4,0,0,4,2443,7,7,0,0,4,0,0,0,0,0,1444,4,510,366,7,603,11,1,8,0,2,45,0,264,0,0,0,0,0,0,0,0,107,2,1,0,0,0,0,0,0,0,0,1,0,0
193,194,307,1014,124,98,14,936,3097,0,85,0,3,0,0,1,12,0,0,4,0,0,4,2443,7,7,0,0,4,0,0,0,0,0,1444,4,510,366,7,603,11,1,8,0,2,45,0,264,0,0,0,0,0,0,0,0,107,2,1,0,0,0,0,0,0,0,0,1,0,0
194,195,307,1014,124,98,14,936,3097,0,85,0,3,0,0,1,12,0,0,4,0,0,4,2443,7,7,0,0,4,0,0,0,0,0,1444,4,510,366,7,603,11,1,8,0,2,45,0,264,0,0,0,0,0,0,0,0,107,2,1,0,0,0,0,0,0,0,0,1,0,0
195,196,307,1014,124,98,14,936,3097,0,85,0,3,0,0,1,12,0,0,4,0,0,4,2443,7,7,0,0,4,0,0,0,0,0,1444,4,510,366,7,603,11,1,8,0,2,45,0,264,0,0,0,0,0,0,0,0,107,2,1,0,0,0,0,0,0,0,0,1,0,0
196,197,349,738,96,117,7,1017,2431,2,127,0,0,0,0,0,21,0,0,4,0,0,4,2022,7,7,0,0,4,0,0,0,0,0,1444,4,506,366,7,603,11,1,8,0,2,43,0,263,0,0,0,0,0,0,0,0,107,2,1,0,0,0,0,0,0,0,0,0,0,0
197,198,349,738,96,117,7,1017,2431,2,127,0,0,0,0,0,21,0,0,4,0,0,4,2022,7,7,0,0,4,0,0,0,0,0,1444,4,506,366,7,603,11,1,8,0,2,43,0,263,0,0,0,0,0,0,0,0,107,2,1,0,0,0,0,0,0,0,0,0,0,0
198,199,349,738,96,117,7,1017,2431,2,127,0,0,0,0,0,21,0,0,4,0,0,4,2022,7,7,0,0,4,0,0,0,0,0,1444,4,506,366,7,603,11,1,8,0,2,43,0,263,0,0,0,0,0,0,0,0,107,2,1,0,0,0,0,0,0,0,0,0,0,0
199,200,350,490,103,105,4,979,2020,2,117,0,0,0,0,0,20,0,0,2,0,0,4,1657,7,7,0,0,4,0,0,0,0,0,1373,4,518,367,7,590,11,3,8,0,2,43,0,278,0,0,0,0,0,0,0,0,103,1,2,0,0,0,0,0,0,0,0,0,0,0
200,201,350,490,103,105,4,979,2020,2,117,0,0,0,0,0,20,0,0,2,0,0,4,1657,7,7,0,0,4,0,0,0,0,0,1373,4,518,367,7,590,11,3,8,0,2,43,0,278,0,0,0,0,0,0,0,0,103,1,2,0,0,0,0,0,0,0,0,0,0,0
201,202,252,1132,660,86,216,908,2463,9,777,0,15,0,0,0,16,41,0,58,42,0,0,2399,6,32,0,0,23,0,0,0,0,0,1111,113,504,353,12,347,8,10,3,0,6,179,0,397,0,0,0,0,0,0,0,0,34,25,46,0,0,0,0,0,0,0,0,0,0,0
202,203,252,1132,660,86,216,908,2463,9,777,0,15,0,0,0,16,41,0,58,42,0,0,2399,6,32,0,0,23,0,0,0,0,0,1111,113,504,353,12,347,8,10,3,0,6,179,0,397,0,0,0,0,0,0,0,0,34,25,46,0,0,0,0,0,0,0,0,0,0,0
203,204,252,1132,660,86,216,908,2463,9,777,0,15,0,0,0,16,41,0,58,42,0,0,2399,6,32,0,0,23,0,0,0,0,0,1111,113,504,353,12,347,8,10,3,0,6,179,0,397,0,0,0,0,0,0,0,0,34,25,46,0,0,0,0,0,0,0,0,0,0,0
204,205,252,1132,660,86,216,908,2463,9,777,0,15,0,0,0,16,41,0,58,42,0,0,2399,6,32,0,0,23,0,0,0,0,0,1111,113,504,353,12,347,8,10,3,0,6,179,0,397,0,0,0,0,0,0,0,0,34,25,46,0,0,0,0,0,0,0,0,0,0,0
205,206,269,968,798,182,554,960,2979,21,1005,0,26,0,0,0,25,59,0,91,68,0,0,2617,6,32,0,0,23,0,0,0,0,0,1111,113,504,353,12,347,8,10,3,0,6,179,0,397,0,0,0,0,0,0,0,0,34,25,46,0,0,0,0,0,0,0,0,0,0,0
206,207,269,968,798,182,554,960,2979,21,1005,0,26,0,0,0,25,59,0,91,68,0,0,2617,6,32,0,0,23,0,0,0,0,0,1111,113,504,353,12,347,8,10,3,0,6,179,0,397,0,0,0,0,0,0,0,0,34,25,46,0,0,0,0,0,0,0,0,0,0,0
207,208,269,968,798,182,554,960,2979,21,1005,0,26,0,0,0,25,59,0,91,68,0,0,2617,6,32,0,0,23,0,0,0,0,0,1111,113,504,353,12,347,8,10,3,0,6,179,0,397,0,0,0,0,0,0,0,0,34,25,46,0,0,0,0,0,0,0,0,0,0,0
208,209,221,621,567,207,669,1832,2162,26,761,0,25,0,0,0,36,50,0,81,61,0,0,1498,6,28,0,0,23,0,0,0,0,0,1175,123,517,370,14,341,5,10,3,0,6,172,1,418,0,0,0,2,0,0,0,0,34,26,46,0,0,0,0,0,0,0,0,0,0,0
209,210,221,621,567,207,669,1832,2162,26,761,0,25,0,0,0,36,50,0,81,61,0,0,1498,6,28,0,0,23,0,0,0,0,0,1175,123,517,370,14,341,5,10,3,0,6,172,1,418,0,0,0,2,0,0,0,0,34,26,46,0,0,0,0,0,0,0,0,0,0,0
210,211,221,621,567,207,669,1832,2162,26,761,0,25,0,0,0,36,50,0,81,61,0,0,1498,6,28,0,0,23,0,0,0,0,0,1175,123,517,370,14,341,5,10,3,0,6,172,1,418,0,0,0,2,0,0,0,0,34,26,46,0,0,0,0,0,0,0,0,0,0,0
211,212,209,703,403,128,347,2010,2046,18,548,0,14,0,0,0,29,32,0,48,32,0,0,1442,6,28,0,0,23,0,0,0,0,0,1175,123,518,370,14,341,5,10,3,0,6,172,1,418,0,0,0,2,0,0,0,0,34,26,46,0,0,0,0,0,0,0,0,0,0,0
212,213,209,703,403,128,347,2010,2046,18,548,0,14,0,0,0,29,32,0,48,32,0,0,1442,6,28,0,0,23,0,0,0,0,0,1175,123,518,370,14,341,5,10,3,0,6,172,1,418,0,0,0,2,0,0,0,0,34,26,46,0,0,0,0,0,0,0,0,0,0,0
213,214,209,703,403,128,347,2010,2046,18,548,0,14,0,0,0,29,32,0,48,32,0,0,1442,6,28,0,0,23,0,0,0,0,0,1175,123,518,370,14,341,5,10,3,0,6,172,1,418,0,0,0,2,0,0,0,0,34,26,46,0,0,0,0,0,0,0,0,0,0,0
214,215,209,703,403,128,347,2010,2046,18,548,0,14,0,0,0,29,32,0,48,32,0,0,1442,6,28,0,0,23,0,0,0,0,0,1175,123,518,370,14,341,5,10,3,0,6,172,1,418,0,0,0,2,0,0,0,0,34,26,46,0,0,0,0,0,0,0,0,0,0,0
215,216,204,795,410,145,391,1960,2304,21,768,0,19,0,0,0,30,43,0,49,40,0,0,2620,6,28,0,0,23,0,0,0,0,0,1175,123,517,370,14,341,5,10,3,0,6,172,1,418,0,0,0,2,0,0,0,0,34,26,46,0,0,0,0,0,0,0,0,0,0,0
216,217,204,795,410,145,391,1960,2304,21,768,0,19,0,0,0,30,43,0,49,40,0,0,2620,6,28,0,0,23,0,0,0,0,0,1175,123,517,370,14,341,5,10,3,0,6,172,1,418,0,0,0,2,0,0,0,0,34,26,46,0,0,0,0,0,0,0,0,0,0,0
217,218,204,795,410,145,391,1960,2304,21,768,0,19,0,0,0,30,43,0,49,40,0,0,2620,6,28,0,0,23,0,0,0,0,0,1175,123,517,370,14,341,5,10,3,0,6,172,1,418,0,0,0,2,0,0,0,0,34,26,46,0,0,0,0,0,0,0,0,0,0,0
218,219,204,795,410,145,391,1960,2304,21,768,0,19,0,0,0,30,43,0,49,40,0,0,2620,6,28,0,0,23,0,0,0,0,0,1175,123,517,370,14,341,5,10,3,0,6,172,1,418,0,0,0,2,0,0,0,0,34,26,46,0,0,0,0,0,0,0,0,0,0,0
219,220,204,795,410,145,391,1960,2304,21,768,0,19,0,0,0,30,43,0,49,40,0,0,2620,6,28,0,0,23,0,0,0,0,0,1175,123,517,370,14,341,5,10,3,0,6,172,1,418,0,0,0,2,0,0,0,0,34,26,46,0,0,0,0,0,0,0,0,0,0,0
220,221,204,795,410,145,391,1960,2304,21,768,0,19,0,0,0,30,43,0,49,40,0,0,2620,6,28,0,0,23,0,0,0,0,0,1175,123,517,370,14,341,5,10,3,0,6,172,1,418,0,0,0,2,0,0,0,0,34,26,46,0,0,0,0,0,0,0,0,0,0,0
221,222,214,924,421,121,376,1890,2387,28,525,0,19,0,0,0,28,37,0,51,39,0,0,1604,6,28,0,0,23,0,0,0,0,0,1175,123,517,370,14,341,5,10,3,0,6,172,1,418,0,0,0,2,0,0,0,0,34,26,46,1,0,0,0,0,0,0,0,0,0,0
222,223,214,924,421,121,376,1890,2387,28,525,0,19,0,0,0,28,37,0,51,39,0,0,1604,6,28,0,0,23,0,0,0,0,0,1175,123,517,370,14,341,5,10,3,0,6,172,1,418,0,0,0,2,0,0,0,0,34,26,46,1,0,0,0,0,0,0,0,0,0,0
223,224,214,924,421,121,376,1890,2387,28,525,0,19,0,0,0,28,37,0,51,39,0,0,1604,6,28,0,0,23,0,0,0,0,0,1175,123,517,370,14,341,5,10,3,0,6,172,1,418,0,0,0,2,0,0,0,0,34,26,46,1,0,0,0,0,0,0,0,0,0,0
224,225,214,924,421,121,376,1890,2387,28,525,0,19,0,0,0,28,37,0,51,39,0,0,1604,6,28,0,0,23,0,0,0,0,0,1175,123,517,370,14,341,5,10,3,0,6,172,1,418,0,0,0,2,0,0,0,0,34,26,46,1,0,0,0,0,0,0,0,0,0,0
225,226,214,924,421,121,376,1890,2387,28,525,0,19,0,0,0,28,37,0,51,39,0,0,1604,6,28,0,0,23,0,0,0,0,0,1175,123,517,370,14,341,5,10,3,0,6,172,1,418,0,0,0,2,0,0,0,0,34,26,46,1,0,0,0,0,0,0,0,0,0,0
226,227,214,924,421,121,376,1890,2387,28,525,0,19,0,0,0,28,37,0,51,39,0,0,1604,6,28,0,0,23,0,0,0,0,0,1175,123,517,370,14,341,5,10,3,0,6,172,1,418,0,0,0,2,0,0,0,0,34,26,46,1,0,0,0,0,0,0,0,0,0,0
227,228,239,549,298,253,296,774,1999,51,350,0,47,0,0,0,14,27,0,27,28,0,0,1076,2,47,0,0,22,0,0,0,0,0,963,182,539,333,21,248,7,18,6,0,8,179,1,369,0,0,0,0,0,0,0,0,21,34,46,1,0,0,0,0,0,0,0,0,0,0
228,229,239,549,298,253,296,774,1999,51,350,0,47,0,0,0,14,27,0,27,28,0,0,1076,2,47,0,0,22,0,0,0,0,0,963,182,539,333,21,248,7,18,6,0,8,179,1,369,0,0,0,0,0,0,0,0,21,34,46,1,0,0,0,0,0,0,0,0,0,0
229,230,239,549,298,253,296,774,1999,51,350,0,47,0,0,0,14,27,0,27,28,0,0,1076,2,47,0,0,22,0,0,0,0,0,963,182,539,333,21,248,7,18,6,0,8,179,1,369,0,0,0,0,0,0,0,0,21,34,46,1,0,0,0,0,0,0,0,0,0,0
230,231,239,549,298,253,296,774,1999,51,350,0,47,0,0,0,14,27,0,27,28,0,0,1076,2,47,0,0,22,0,0,0,0,0,963,182,539,333,21,248,7,18,6,0,8,179,1,369,0,0,0,0,0,0,0,0,21,34,46,1,0,0,0,0,0,0,0,0,0,0
231,232,258,507,342,341,406,732,2772,51,458,0,59,0,0,0,15,24,0,36,42,0,0,1271,2,47,0,0,22,0,0,0,0,0,963,182,539,333,22,248,7,18,6,0,8,179,1,369,0,0,0,0,0,0,0,0,21,34,46,0,0,0,0,0,0,0,0,0,0,0
232,233,258,507,342,341,406,732,2772,51,458,0,59,0,0,0,15,24,0,36,42,0,0,1271,2,47,0,0,22,0,0,0,0,0,963,182,539,333,22,248,7,18,6,0,8,179,1,369,0,0,0,0,0,0,0,0,21,34,46,0,0,0,0,0,0,0,0,0,0,0
233,234,258,507,342,341,406,732,2772,51,458,0,59,0,0,0,15,24,0,36,42,0,0,1271,2,47,0,0,22,0,0,0,0,0,963,182,539,333,22,248,7,18,6,0,8,179,1,369,0,0,0,0,0,0,0,0,21,34,46,0,0,0,0,0,0,0,0,0,0,0
234,235,259,427,380,264,266,846,1644,50,333,0,49,0,0,0,14,24,0,31,32,0,0,2113,2,47,0,0,22,0,0,0,0,0,964,182,539,334,21,248,7,18,6,0,8,179,1,369,0,0,0,0,0,0,0,0,21,34,47,0,0,0,0,0,0,0,0,0,0,0
235,236,259,427,380,264,266,846,1644,50,333,0,49,0,0,0,14,24,0,31,32,0,0,2113,2,47,0,0,22,0,0,0,0,0,964,182,539,334,21,248,7,18,6,0,8,179,1,369,0,0,0,0,0,0,0,0,21,34,47,0,0,0,0,0,0,0,0,0,0,0
236,237,593,605,409,178,209,697,1619,14,93,0,38,0,0,0,8,17,4,32,40,0,0,1677,0,3,0,0,20,0,0,0,0,0,251,44,91,108,13,38,8,5,4,0,0,68,0,96,0,0,0,0,0,0,0,0,3,8,28,0,0,0,0,0,0,0,0,0,0,0
237,238,593,605,409,178,209,697,1619,14,93,0,38,0,0,0,8,17,4,32,40,0,0,1677,0,3,0,0,20,0,0,0,0,0,251,44,91,108,13,38,8,5,4,0,0,68,0,96,0,0,0,0,0,0,0,0,3,8,28,0,0,0,0,0,0,0,0,0,0,0
238,239,593,601,409,178,209,697,1619,13,93,0,38,0,0,0,8,17,4,32,40,0,0,1677,0,3,0,0,20,0,0,0,0,0,251,44,91,108,13,38,8,5,4,0,0,68,0,96,0,0,0,0,0,0,0,0,3,8,28,0,0,0,0,0,0,0,0,0,0,0
239,240,593,601,409,178,209,697,1619,13,93,0,38,0,0,0,8,17,4,32,40,0,0,1677,0,3,0,0,20,0,0,0,0,0,251,44,91,108,13,38,8,5,4,0,0,68,0,96,0,0,0,0,0,0,0,0,3,8,28,0,0,0,0,0,0,0,0,0,0,0
240,241,593,601,409,178,209,697,1619,13,93,0,38,0,0,0,8,17,4,32,40,0,0,1677,0,3,0,0,20,0,0,0,0,0,251,44,91,108,13,38,8,5,4,0,0,68,0,96,0,0,0,0,0,0,0,0,3,8,28,0,0,0,0,0,0,0,0,0,0,0
241,242,341,1371,621,352,64,1069,5187,17,135,0,21,0,0,0,63,36,5,67,23,0,0,1519,0,1,0,0,19,0,0,0,0,0,150,31,35,96,56,32,18,2,2,0,0,42,0,70,0,0,0,0,0,0,0,0,3,4,10,0,0,0,0,0,0,0,0,0,0,0
242,243,341,1371,621,352,64,1069,5187,17,135,0,21,0,0,0,63,36,5,67,23,0,0,1519,0,1,0,0,19,0,0,0,0,0,150,31,35,96,56,32,18,2,2,0,0,42,0,70,0,0,0,0,0,0,0,0,3,4,10,0,0,0,0,0,0,0,0,0,0,0
243,244,341,1371,621,352,64,1069,5187,17,135,0,21,0,0,0,63,36,5,67,23,0,0,1519,0,1,0,0,19,0,0,0,0,0,150,31,35,96,56,32,18,2,2,0,0,42,0,70,0,0,0,0,0,0,0,0,3,4,10,0,0,0,0,0,0,0,0,0,0,0
244,245,341,1371,621,352,64,1069,5187,17,135,0,21,0,0,0,63,36,5,67,23,0,0,1519,0,1,0,0,19,0,0,0,0,0,150,31,35,96,56,32,18,2,2,0,0,42,0,70,0,0,0,0,0,0,0,0,3,4,10,0,0,0,0,0,0,0,0,0,0,0
245,246,341,1371,621,352,64,1069,5187,17,135,0,21,0,0,0,63,36,5,67,23,0,0,1519,0,1,0,0,19,0,0,0,0,0,150,31,35,96,56,32,18,2,2,0,0,42,0,70,0,0,0,0,0,0,0,0,3,4,10,0,0,0,0,0,0,0,0,0,0,0
246,247,341,1371,621,352,64,1069,5187,17,135,0,21,0,0,0,63,36,5,67,23,0,0,1519,0,1,0,0,19,0,0,0,0,0,150,31,35,96,56,32,18,2,2,0,0,42,0,70,0,0,0,0,0,0,0,0,3,4,10,0,0,0,0,0,0,0,0,0,0,0
247,248,147,229,137,102,7,698,5110,7,3,0,0,0,0,0,2,0,18,3,1,0,0,138,2,1,0,0,5,0,0,0,0,0,203,15,39,30,25,29,45,1,13,1,8,41,1,49,1,0,0,0,0,0,0,0,0,0,3,0,0,0,0,0,0,0,0,0,0,0
248,249,147,229,137,102,7,698,5110,7,3,0,0,0,0,0,2,0,18,3,1,0,0,138,2,1,0,0,5,0,0,0,0,0,203,15,39,30,25,29,45,1,13,1,8,41,1,49,1,0,0,0,0,0,0,0,0,0,3,0,0,0,0,0,0,0,0,0,0,0
249,250,147,229,137,102,7,698,5110,7,3,0,0,0,0,0,2,0,18,3,1,0,0,138,2,1,0,0,5,0,0,0,0,0,203,15,39,30,25,29,45,1,13,1,8,41,1,49,1,0,0,0,0,0,0,0,0,0,3,0,0,0,0,0,0,0,0,0,0,0
250,251,147,229,137,102,7,698,5110,7,3,0,0,0,0,0,2,0,18,3,1,0,0,138,2,1,0,0,5,0,0,0,0,0,203,15,39,30,25,29,45,1,13,1,8,41,1,49,1,0,0,0,0,0,0,0,0,0,3,0,0,0,0,0,0,0,0,0,0,0
251,252,356,347,165,22,0,608,3174,14,2,0,0,0,0,0,17,1,90,2,1,0,0,78,2,2,0,0,14,0,0,0,0,0,440,15,64,47,68,61,95,1,39,1,12,80,1,58,1,0,0,0,0,0,0,0,0,0,3,0,0,0,0,0,0,0,0,0,0,0
252,253,3007,5670,709,20,301,322,3173,201,337,1,5,0,0,0,4,12,0,47,11,0,0,1544,1,9,0,0,21,0,0,0,0,0,675,31,268,200,201,53,79,10,78,37,1,548,0,171,4,1,1,0,0,0,0,0,0,1,0,0,0,0,0,0,0,0,0,0,0,0
253,254,3007,5670,709,20,301,336,3173,201,337,1,5,0,0,0,4,12,0,47,11,0,0,1544,1,9,0,0,22,0,0,0,0,0,720,33,283,219,201,57,79,11,94,38,1,567,0,172,4,1,1,0,0,0,0,0,0,1,0,0,0,0,0,0,0,0,0,0,0,0
254,255,695,11117,864,141,139,473,4037,806,448,12,4,0,0,0,8,22,0,46,9,0,0,1069,1,15,0,0,35,0,0,0,0,0,1005,43,413,254,176,97,79,15,184,81,3,686,0,270,5,1,1,0,0,0,0,0,0,1,5,0,0,0,0,0,0,0,0,0,0,0
255,256,695,11117,864,141,139,473,4037,806,448,12,4,0,0,0,8,22,0,46,9,0,0,1069,1,15,0,0,35,0,0,0,0,0,1005,43,413,254,176,97,79,15,184,81,3,686,0,270,5,1,1,0,0,0,0,0,0,1,5,0,0,0,0,0,0,0,0,0,0,0
256,257,695,11117,864,141,139,473,4037,806,448,12,4,0,0,0,8,22,0,46,9,0,0,1069,1,15,0,0,35,0,0,0,0,0,1005,43,413,254,176,97,79,15,184,81,3,686,0,270,5,1,1,0,0,0,0,0,0,1,5,0,0,0,0,0,0,0,0,0,0,0
257,258,695,11117,864,141,139,473,4037,806,448,12,4,0,0,0,8,22,0,46,9,0,0,1069,1,15,0,0,35,0,0,0,0,0,1005,43,413,254,176,97,79,15,184,81,3,686,0,270,5,1,1,0,0,0,0,0,0,1,5,0,0,0,0,0,0,0,0,0,0,0
258,259,681,11114,860,141,135,438,4033,798,447,12,4,0,0,0,8,21,0,45,7,0,0,1069,1,15,0,0,35,0,0,0,0,0,956,43,395,228,168,97,78,15,167,81,3,675,0,269,5,1,1,0,0,0,0,0,0,1,5,0,0,0,0,0,0,0,0,0,0,0
259,260,267,4419,1448,67,1900,134,1296,669,493,0,11,0,0,0,10,30,0,50,15,0,0,314,11,29,0,0,27,0,0,0,0,0,902,41,398,168,115,112,79,16,132,87,0,728,0,210,8,1,0,1,0,0,0,0,0,0,5,0,0,0,0,0,0,0,0,0,0,0
260,261,267,4419,1448,67,1900,134,1296,669,493,0,11,0,0,0,10,30,0,50,15,0,0,314,11,29,0,0,27,0,0,0,0,0,902,41,398,168,115,112,79,16,132,87,0,728,0,210,8,1,0,1,0,0,0,0,0,0,5,0,0,0,0,0,0,0,0,0,0,0
261,262,267,4419,1448,67,1900,134,1296,669,493,0,11,0,0,0,10,30,0,50,15,0,0,314,11,29,0,0,27,0,0,0,0,0,902,41,398,168,115,112,79,16,132,87,0,728,0,210,8,1,0,1,0,0,0,0,0,0,5,0,0,0,0,0,0,0,0,0,0,0
262,263,267,4419,1448,67,1900,134,1296,669,493,0,11,0,0,0,10,30,0,50,15,0,0,314,11,29,0,0,27,0,0,0,0,0,902,41,398,168,115,112,79,16,132,87,0,728,0,210,8,1,0,1,0,0,0,0,0,0,5,0,0,0,0,0,0,0,0,0,0,0
263,264,267,4419,1448,67,1900,134,1296,669,493,0,11,0,0,0,10,30,0,50,15,0,0,314,11,29,0,0,27,0,0,0,0,0,902,41,398,168,115,112,79,16,132,87,0,728,0,210,8,1,0,1,0,0,0,0,0,0,5,0,0,0,0,0,0,0,0,0,0,0
264,265,297,4419,1490,67,1901,127,1296,669,501,0,13,0,0,0,10,32,0,49,16,0,0,314,11,29,0,0,27,0,0,0,0,0,844,41,398,150,105,112,21,16,130,87,0,728,0,178,8,1,0,1,0,0,0,0,0,0,5,0,0,0,0,0,0,0,0,0,0,0
265,266,517,6238,1776,99,585,143,1667,800,698,4,20,0,0,0,1,59,0,112,24,0,0,59,12,21,0,0,30,0,0,0,0,0,698,42,345,149,102,77,20,20,99,97,0,623,0,165,9,1,0,1,0,0,0,0,0,0,0,0,0,0,0,0,0,0,0,0,0,0
266,267,517,6238,1776,99,585,143,1667,800,698,4,20,0,0,0,1,59,0,112,24,0,0,59,12,21,0,0,30,0,0,0,0,0,698,42,345,149,102,77,20,20,99,97,0,623,0,165,9,1,0,1,0,0,0,0,0,0,0,0,0,0,0,0,0,0,0,0,0,0
267,268,491,6411,1773,112,586,227,1760,800,726,4,19,0,0,0,1,60,0,113,24,0,0,78,12,21,0,0,30,0,0,0,0,0,705,43,344,153,104,77,20,20,99,97,0,626,0,167,9,1,0,1,0,0,0,0,0,0,0,0,0,0,0,0,0,0,0,0,0,0
268,269,896,6015,1239,64,190,296,2190,1283,479,0,12,0,0,0,0,21,0,67,12,0,0,83,13,38,0,0,31,0,0,0,0,0,610,47,346,255,107,58,20,18,138,125,0,416,0,125,9,1,0,1,0,0,0,0,0,0,0,0,0,0,0,0,0,0,0,0,0,0
269,270,896,6015,1239,64,190,296,2190,1283,479,0,12,0,0,0,0,21,0,67,12,0,0,83,13,38,0,0,31,0,0,0,0,0,610,47,346,255,107,58,20,18,138,125,0,416,0,125,9,1,0,1,0,0,0,0,0,0,0,0,0,0,0,0,0,0,0,0,0,0
270,271,896,6015,1239,64,190,296,2190,1283,479,0,12,0,0,0,0,21,0,67,12,0,0,83,13,38,0,0,31,0,0,0,0,0,610,47,346,255,107,58,20,18,138,125,0,416,0,125,9,1,0,1,0,0,0,0,0,0,0,0,0,0,0,0,0,0,0,0,0,0
271,272,896,6015,1239,64,190,296,2190,1283,479,0,12,0,0,0,0,21,0,67,12,0,0,83,13,38,0,0,31,0,0,0,0,0,610,47,346,255,107,58,20,18,138,125,0,416,0,125,9,1,0,1,0,0,0,0,0,0,0,0,0,0,0,0,0,0,0,0,0,0
272,273,821,6557,655,98,215,597,3245,673,916,0,3,0,0,0,14,5,0,34,10,0,0,50,11,1,0,0,49,0,0,0,0,0,625,58,318,234,102,84,34,36,158,132,0,538,0,120,18,1,0,0,0,0,0,0,0,1,0,0,0,0,0,0,0,0,0,0,0,0
273,274,821,6557,655,98,215,597,3245,673,916,0,3,0,0,0,14,5,0,34,10,0,0,50,11,1,0,0,49,0,0,0,0,0,625,58,318,234,102,84,34,36,158,132,0,538,0,120,18,1,0,0,0,0,0,0,0,1,0,0,0,0,0,0,0,0,0,0,0,0
274,275,821,6557,655,98,215,597,3245,673,916,0,3,0,0,0,14,5,0,34,10,0,0,50,11,1,0,0,49,0,0,0,0,0,625,58,318,234,102,84,34,36,158,132,0,538,0,120,18,1,0,0,0,0,0,0,0,1,0,0,0,0,0,0,0,0,0,0,0,0
275,276,821,6557,655,98,215,597,3245,673,916,0,3,0,0,0,14,5,0,34,10,0,0,50,11,1,0,0,49,0,0,0,0,0,625,58,318,234,102,84,34,36,158,132,0,538,0,120,18,1,0,0,0,0,0,0,0,1,0,0,0,0,0,0,0,0,0,0,0,0
276,277,821,6557,655,98,215,597,3245,673,916,0,3,0,0,0,14,5,0,34,10,0,0,50,11,1,0,0,49,0,0,0,0,0,625,58,318,234,102,84,34,36,158,132,0,538,0,120,18,1,0,0,0,0,0,0,0,1,0,0,0,0,0,0,0,0,0,0,0,0
277,278,821,6557,655,98,215,597,3245,673,916,0,3,0,0,0,14,5,0,34,10,0,0,50,11,1,0,0,49,0,0,0,0,0,625,58,318,234,102,84,34,36,158,132,0,538,0,120,18,1,0,0,0,0,0,0,0,1,0,0,0,0,0,0,0,0,0,0,0,0
278,279,821,6557,655,98,215,597,3245,673,916,0,3,0,0,0,14,5,0,34,10,0,0,50,11,1,0,0,49,0,0,0,0,0,625,58,318,234,102,84,34,36,158,132,0,538,0,120,18,1,0,0,0,0,0,0,0,1,0,0,0,0,0,0,0,0,0,0,0,0
279,280,841,4190,638,214,59,579,1982,947,583,6,4,0,0,0,8,5,2,16,10,0,0,45,17,1,0,0,57,0,0,0,0,0,574,58,298,237,100,52,30,39,119,125,0,577,0,126,11,1,0,0,0,0,0,0,0,0,0,0,0,0,0,0,0,0,0,0,0,0
280,281,841,4190,638,214,59,579,1982,947,583,6,4,0,0,0,8,5,2,16,10,0,0,45,17,1,0,0,57,0,0,0,0,0,574,58,298,237,100,52,30,39,119,125,0,577,0,126,11,1,0,0,0,0,0,0,0,0,0,0,0,0,0,0,0,0,0,0,0,0
281,282,841,4190,638,214,59,579,1982,947,583,6,4,0,0,0,8,5,2,16,10,0,0,45,17,1,0,0,57,0,0,0,0,0,574,58,298,237,100,52,30,39,119,125,0,577,0,126,11,1,0,0,0,0,0,0,0,0,0,0,0,0,0,0,0,0,0,0,0,0
282,283,841,4190,638,214,59,579,1982,947,583,6,4,0,0,0,8,5,2,16,10,0,0,45,17,1,0,0,57,0,0,0,0,0,574,58,298,237,100,52,30,39,119,125,0,577,0,126,11,1,0,0,0,0,0,0,0,0,0,0,0,0,0,0,0,0,0,0,0,0
283,284,841,4190,638,214,59,579,1982,947,583,6,4,0,0,0,8,5,2,16,10,0,0,45,17,1,0,0,57,0,0,0,0,0,574,58,298,237,100,52,30,39,119,125,0,577,0,126,11,1,0,0,0,0,0,0,0,0,0,0,0,0,0,0,0,0,0,0,0,0
284,285,841,4190,638,214,59,579,1982,947,583,6,4,0,0,0,8,5,2,16,10,0,0,45,17,1,0,0,57,0,0,0,0,0,574,58,298,237,100,52,30,39,119,125,0,577,0,126,11,1,0,0,0,0,0,0,0,0,0,0,0,0,0,0,0,0,0,0,0,0
285,286,841,4190,638,214,59,579,1982,947,583,6,4,0,0,0,8,5,2,16,10,0,0,45,17,1,0,0,57,0,0,0,0,0,574,58,298,237,100,52,30,39,119,125,0,577,0,126,11,1,0,0,0,0,0,0,0,0,0,0,0,0,0,0,0,0,0,0,0,0
286,287,841,4190,638,214,59,579,1982,947,583,6,4,0,0,0,8,5,2,16,10,0,0,45,17,1,0,0,57,0,0,0,0,0,574,58,298,237,100,52,30,39,119,125,0,577,0,126,11,1,0,0,0,0,0,0,0,0,0,0,0,0,0,0,0,0,0,0,0,0
287,288,841,4190,638,214,59,579,1982,947,583,6,4,0,0,0,8,5,2,16,10,0,0,45,17,1,0,0,57,0,0,0,0,0,574,58,298,237,100,52,30,39,119,125,0,577,0,126,11,1,0,0,0,0,0,0,0,0,0,0,0,0,0,0,0,0,0,0,0,0
288,289,841,4190,638,214,59,579,1982,947,583,6,4,0,0,0,8,5,2,16,10,0,0,45,17,1,0,0,57,0,0,0,0,0,574,58,298,237,100,52,30,39,119,125,0,577,0,126,11,1,0,0,0,0,0,0,0,0,0,0,0,0,0,0,0,0,0,0,0,0
289,290,841,4190,638,214,59,579,1982,947,583,6,4,0,0,0,8,5,2,16,10,0,0,45,17,1,0,0,57,0,0,0,0,0,574,58,298,237,100,52,30,39,119,125,0,577,0,126,11,1,0,0,0,0,0,0,0,0,0,0,0,0,0,0,0,0,0,0,0,0
290,291,997,3113,1754,251,8,241,1178,1234,650,2,7,0,0,0,4,11,0,25,15,0,0,23,9,1,0,0,55,0,0,0,0,0,445,83,214,233,103,53,30,15,55,72,0,429,2,68,7,1,0,0,0,0,0,0,0,0,0,0,0,0,0,0,0,0,0,0,0,0
291,292,997,3113,1754,251,8,241,1178,1234,650,2,7,0,0,0,4,11,0,25,15,0,0,23,9,1,0,0,55,0,0,0,0,0,445,83,214,233,103,53,30,15,55,72,0,429,2,68,7,1,0,0,0,0,0,0,0,0,0,0,0,0,0,0,0,0,0,0,0,0
292,293,995,3113,1748,251,8,241,1178,1234,653,2,7,0,0,0,4,11,0,25,15,0,0,23,9,1,0,0,55,0,0,0,0,0,445,83,214,233,103,53,30,15,55,72,0,429,2,68,7,1,0,0,0,0,0,0,0,0,0,0,0,0,0,0,0,0,0,0,0,0
293,294,995,3113,1748,251,8,241,1178,1234,653,2,7,0,0,0,4,11,0,25,15,0,0,23,9,1,0,0,55,0,0,0,0,0,445,83,214,233,103,53,30,15,55,72,0,429,2,68,7,1,0,0,0,0,0,0,0,0,0,0,0,0,0,0,0,0,0,0,0,0
294,295,995,3113,1748,251,8,243,1178,1234,652,2,7,0,0,0,4,11,0,25,15,0,0,23,9,1,0,0,57,0,0,0,0,0,706,121,235,398,113,90,32,17,55,108,0,630,2,99,8,1,0,0,0,0,0,0,0,0,0,0,0,0,0,0,0,0,0,0,0,0
295,296,578,3086,1412,61,26,198,899,341,665,0,2,0,0,0,2,13,0,27,10,0,0,23,4,0,0,0,59,0,0,0,0,0,675,122,181,344,113,84,32,14,43,106,0,433,1,75,7,1,0,0,0,0,0,0,0,0,0,0,0,0,0,0,0,0,0,0,0,0
296,297,577,3050,1391,61,26,139,882,341,632,0,2,0,0,0,2,10,0,24,9,0,0,23,4,0,0,0,59,0,0,0,0,0,672,121,181,340,106,84,32,14,43,106,0,431,1,74,7,1,0,0,0,0,0,0,0,0,0,0,0,0,0,0,0,0,0,0,0,0
297,298,577,3050,1391,61,26,139,882,341,632,0,2,0,0,0,2,10,0,24,9,0,0,23,4,0,0,0,59,0,0,0,0,0,672,121,181,340,106,84,32,14,43,106,0,431,1,74,7,1,0,0,0,0,0,0,0,0,0,0,0,0,0,0,0,0,0,0,0,0
298,299,730,2251,1113,71,25,207,963,207,276,0,4,0,0,0,3,8,0,26,6,0,0,4,11,14,0,0,274,0,0,0,0,0,1697,224,105,128,6,55,17,44,166,133,0,69,16,9,15,4,0,0,0,0,0,0,0,0,0,0,0,0,0,0,0,0,0,0,0,0
299,300,730,2251,1113,71,25,207,963,207,276,0,4,0,0,0,3,8,0,26,6,0,0,4,11,14,0,0,274,0,0,0,0,0,1697,224,105,128,6,55,17,44,166,133,0,69,16,9,15,4,0,0,0,0,0,0,0,0,0,0,0,0,0,0,0,0,0,0,0,0
300,301,731,3415,1417,66,25,215,1283,207,322,0,4,0,0,0,3,8,0,26,6,0,0,4,12,14,0,0,276,0,0,0,0,0,1723,228,109,132,6,55,17,44,166,135,0,72,16,11,16,4,0,0,0,0,0,0,0,0,0,0,0,0,0,0,0,0,0,0,0,0
301,302,940,2251,1113,65,25,209,963,207,276,0,4,0,0,0,3,8,0,26,6,0,0,4,12,14,0,0,276,0,0,0,0,0,1755,238,111,134,6,56,17,46,166,141,0,78,16,14,16,4,0,0,0,0,0,0,0,0,0,0,0,0,0,0,0,0,0,0,0,0
302,303,940,2251,1113,112,25,209,963,207,276,0,4,0,0,0,3,8,0,26,6,0,0,4,12,14,0,0,276,0,0,0,0,0,1755,238,111,134,6,56,17,46,166,141,0,78,16,14,16,4,0,0,0,0,0,0,0,0,0,0,0,0,0,0,0,0,0,0,0,0
303,304,267,1213,406,420,37,328,480,328,207,0,2,0,0,0,4,4,0,7,4,0,0,8,12,17,0,0,274,0,0,0,0,0,1681,219,95,118,2,47,18,44,171,133,0,55,16,10,16,4,0,0,0,0,0,0,0,0,0,0,0,0,0,0,0,0,0,0,0,0
304,305,266,1213,406,422,37,328,480,328,207,0,2,0,0,0,4,4,0,7,4,0,0,8,12,17,0,0,274,0,0,0,0,0,1700,224,95,120,2,48,18,46,171,137,0,60,16,12,15,4,0,0,0,0,0,0,0,0,0,0,0,0,0,0,0,0,0,0,0,0
305,306,307,2032,600,81,42,337,1803,166,210,0,2,0,0,0,5,9,0,14,4,0,0,4,12,22,0,0,313,0,0,0,0,0,1907,231,113,125,9,51,30,52,200,150,0,57,16,10,18,4,0,0,0,0,0,0,0,0,0,0,0,0,0,0,0,0,0,0,0,0
306,307,547,2412,957,158,65,468,2292,239,256,5,3,0,0,0,10,33,0,27,6,0,0,0,13,26,0,0,335,0,0,0,0,0,1732,262,112,128,9,57,36,56,182,152,0,59,24,10,18,4,0,0,0,0,0,0,0,0,0,0,0,0,0,0,0,0,0,0,0,0
307,308,547,2412,957,158,65,468,2292,239,256,5,3,0,0,0,10,33,0,27,6,0,0,0,13,26,0,0,335,0,0,0,0,0,1732,262,112,128,9,57,36,56,182,152,0,59,24,10,18,4,0,0,0,0,0,0,0,0,0,0,0,0,0,0,0,0,0,0,0,0
308,309,547,2413,969,158,65,468,2292,239,262,5,3,0,0,0,10,33,0,27,6,0,0,0,13,26,0,0,336,0,0,0,0,0,1738,268,113,128,9,57,36,56,182,153,0,60,24,10,18,4,0,0,0,0,0,0,0,0,0,0,0,0,0,0,0,0,0,0,0,0
309,310,547,2413,969,158,65,468,2292,239,262,5,3,0,0,0,10,33,0,27,6,0,0,0,13,26,0,0,336,0,0,0,0,0,1738,268,113,128,9,57,36,56,182,153,0,60,24,10,18,4,0,0,0,0,0,0,0,0,0,0,0,0,0,0,0,0,0,0,0,0
310,311,547,2413,969,158,65,468,2292,239,262,5,3,0,0,0,10,33,0,27,6,0,0,0,13,26,0,0,336,0,0,0,0,0,1738,268,113,128,9,57,36,56,182,153,0,60,24,10,18,4,0,0,0,0,0,0,0,0,0,0,0,0,0,0,0,0,0,0,0,0
311,312,389,2477,991,176,67,457,2331,239,266,5,4,0,0,0,10,33,0,26,6,0,0,0,11,26,0,0,345,0,0,0,0,0,1689,239,110,129,9,56,36,58,182,147,0,51,17,8,17,4,0,0,0,0,0,0,0,0,0,0,0,0,0,0,0,0,0,0,0,0
312,313,389,2477,991,176,67,457,2331,239,266,5,4,0,0,0,10,33,0,26,6,0,0,0,11,26,0,0,345,0,0,0,0,0,1689,239,110,129,9,56,36,58,182,147,0,51,17,8,17,4,0,0,0,0,0,0,0,0,0,0,0,0,0,0,0,0,0,0,0,0
313,314,298,1096,769,135,48,427,752,169,200,5,4,0,0,0,8,26,0,19,6,0,0,0,11,18,0,0,312,0,0,0,0,0,1451,236,92,123,2,54,24,52,137,136,0,51,17,8,17,4,0,0,0,0,0,0,0,0,0,0,0,0,0,0,0,0,0,0,0,0
314,315,351,1685,1125,297,58,513,2039,183,217,5,22,0,0,0,9,29,0,23,9,0,0,3,30,15,0,0,361,0,0,2,0,0,1352,243,110,153,2,55,21,93,85,164,1,51,18,8,18,5,0,0,0,0,0,0,0,0,0,0,0,0,0,0,0,0,0,0,0,0
315,316,302,1468,830,263,37,290,1871,161,155,5,23,0,0,0,4,14,0,17,13,0,0,3,30,15,0,0,360,0,0,2,0,0,1328,235,107,147,1,52,21,92,85,162,1,47,17,8,18,5,0,0,0,0,0,0,0,0,0,0,0,0,0,0,0,0,0,0,0,0
316,317,302,1468,830,263,37,290,1871,161,155,5,23,0,0,0,4,14,0,17,13,0,0,3,30,15,0,0,360,0,0,2,0,0,1328,235,107,147,1,52,21,92,85,162,1,47,17,8,18,5,0,0,0,0,0,0,0,0,0,0,0,0,0,0,0,0,0,0,0,0
317,318,302,1468,830,263,37,290,1871,161,155,5,23,0,0,0,4,14,0,17,13,0,0,3,30,15,0,0,360,0,0,2,0,0,1328,235,107,147,1,52,21,92,85,162,1,47,17,8,18,5,0,0,0,0,0,0,0,0,0,0,0,0,0,0,0,0,0,0,0,0
318,319,115,2090,514,313,53,315,1548,443,342,6,10,0,0,0,5,15,0,12,21,0,0,0,13,15,0,0,289,0,0,0,0,0,1099,218,80,114,1,51,15,56,76,130,0,46,16,8,17,4,0,0,0,0,0,0,0,0,0,0,0,0,0,0,0,0,0,0,0,0
319,320,115,2090,514,313,53,315,1548,443,342,6,10,0,0,0,5,15,0,12,21,0,0,0,13,15,0,0,289,0,0,0,0,0,1099,218,80,114,1,51,15,56,76,130,0,46,16,8,17,4,0,0,0,0,0,0,0,0,0,0,0,0,0,0,0,0,0,0,0,0
320,321,115,2090,514,313,53,315,1548,443,342,6,10,0,0,0,5,15,0,12,21,0,0,0,13,15,0,0,289,0,0,0,0,0,1099,218,80,114,1,51,15,56,76,130,0,46,16,8,17,4,0,0,0,0,0,0,0,0,0,0,0,0,0,0,0,0,0,0,0,0
321,322,115,2090,514,313,53,315,1548,443,342,6,10,0,0,0,5,15,0,12,21,0,0,0,13,15,0,0,289,0,0,0,0,0,1099,218,80,114,1,51,15,56,76,130,0,46,16,8,17,4,0,0,0,0,0,0,0,0,0,0,0,0,0,0,0,0,0,0,0,0
322,323,115,2090,514,313,53,315,1548,443,342,6,10,0,0,0,5,15,0,12,21,0,0,0,13,15,0,0,289,0,0,0,0,0,1099,218,80,114,1,51,15,56,76,130,0,46,16,8,17,4,0,0,0,0,0,0,0,0,0,0,0,0,0,0,0,0,0,0,0,0
323,324,142,2470,192,317,52,331,1774,574,490,1,9,0,0,0,12,26,2,14,24,0,0,27,16,2,0,0,249,0,0,1,0,0,771,168,72,112,1,50,3,91,7,107,1,83,20,6,17,9,0,0,0,0,0,0,0,0,0,0,0,0,0,0,0,0,0,0,0,0
324,325,142,2470,192,317,52,331,1774,574,490,1,9,0,0,0,12,26,2,14,24,0,0,27,16,2,0,0,249,0,0,1,0,0,771,168,72,112,1,50,3,91,7,107,1,83,20,6,17,9,0,0,0,0,0,0,0,0,0,0,0,0,0,0,0,0,0,0,0,0
325,326,142,2470,192,317,52,331,1774,574,490,1,9,0,0,0,12,26,2,14,24,0,0,27,16,2,0,0,249,0,0,1,0,0,771,168,72,112,1,50,3,91,7,107,1,83,20,6,17,9,0,0,0,0,0,0,0,0,0,0,0,0,0,0,0,0,0,0,0,0
326,327,349,3350,477,665,52,247,1931,868,972,0,49,0,0,0,42,83,32,26,30,0,0,27,13,1,0,0,244,0,0,1,0,0,736,167,70,108,1,49,3,84,5,104,1,83,20,6,17,9,0,0,0,0,0,0,0,0,0,0,0,0,0,0,0,0,0,0,0,0
327,328,349,3350,477,665,52,247,1931,868,972,0,49,0,0,0,42,83,32,26,30,0,0,27,13,1,0,0,244,0,0,1,0,0,736,167,70,108,1,49,3,84,5,104,1,83,20,6,17,9,0,0,0,0,0,0,0,0,0,0,0,0,0,0,0,0,0,0,0,0
328,329,349,3350,477,665,52,247,1931,868,972,0,49,0,0,0,42,83,32,26,30,0,0,27,13,1,0,0,244,0,0,1,0,0,736,167,70,108,1,49,3,84,5,104,1,83,20,6,17,9,0,0,0,0,0,0,0,0,0,0,0,0,0,0,0,0,0,0,0,0
329,330,349,3350,477,665,52,247,1931,868,972,0,49,0,0,0,42,83,32,26,30,0,0,27,13,1,0,0,244,0,0,1,0,0,736,167,70,108,1,49,3,84,5,104,1,83,20,6,17,9,0,0,0,0,0,0,0,0,0,0,0,0,0,0,0,0,0,0,0,0
330,331,368,3934,425,652,41,283,1644,795,979,0,48,0,0,0,36,73,33,18,27,0,0,21,19,2,0,0,255,0,0,5,0,0,846,171,70,119,1,55,4,122,13,105,3,85,20,6,17,9,0,0,0,0,0,0,0,0,0,0,0,1,0,0,0,0,0,0,0,0
331,332,368,3934,425,652,41,283,1644,795,979,0,48,0,0,0,36,73,33,18,27,0,0,21,19,2,0,0,255,0,0,5,0,0,846,171,70,119,1,55,4,122,13,105,3,85,20,6,17,9,0,0,0,0,0,0,0,0,0,0,0,1,0,0,0,0,0,0,0,0
332,333,368,3934,425,652,41,283,1644,795,979,0,48,0,0,0,36,73,33,18,27,0,0,21,19,2,0,0,255,0,0,5,0,0,846,171,70,119,1,55,4,122,13,105,3,85,20,6,17,9,0,0,0,0,0,0,0,0,0,0,0,1,0,0,0,0,0,0,0,0
333,334,368,3934,425,652,41,283,1644,795,979,0,48,0,0,0,36,73,33,18,27,0,0,21,19,2,0,0,255,0,0,5,0,0,846,171,70,119,1,55,4,122,13,105,3,85,20,6,17,9,0,0,0,0,0,0,0,0,0,0,0,1,0,0,0,0,0,0,0,0
334,335,368,3934,425,652,41,283,1644,795,979,0,48,0,0,0,36,73,33,18,27,0,0,21,19,2,0,0,255,0,0,5,0,0,846,171,70,119,1,55,4,122,13,105,3,85,20,6,17,9,0,0,0,0,0,0,0,0,0,0,0,1,0,0,0,0,0,0,0,0
335,336,314,3423,418,175,45,247,1369,507,1131,1,15,0,0,0,9,70,4,40,60,0,0,21,25,2,0,0,268,0,0,5,0,0,871,171,71,129,2,57,10,140,21,107,3,85,20,6,17,10,0,0,0,0,0,0,0,0,0,0,0,1,0,0,0,0,0,0,0,0
336,337,314,3423,418,175,45,247,1369,507,1131,1,15,0,0,0,9,70,4,40,60,0,0,21,25,2,0,0,268,0,0,5,0,0,871,171,71,129,2,57,10,140,21,107,3,85,20,6,17,10,0,0,0,0,0,0,0,0,0,0,0,1,0,0,0,0,0,0,0,0
337,338,314,3423,418,175,45,247,1369,507,1131,1,15,0,0,0,9,70,4,40,60,0,0,21,25,2,0,0,268,0,0,5,0,0,871,171,71,129,2,57,10,140,21,107,3,85,20,6,17,10,0,0,0,0,0,0,0,0,0,0,0,1,0,0,0,0,0,0,0,0
338,339,314,3423,418,175,45,247,1369,507,1131,1,15,0,0,0,9,70,4,40,60,0,0,21,25,2,0,0,268,0,0,5,0,0,871,171,71,129,2,57,10,140,21,107,3,85,20,6,17,10,0,0,0,0,0,0,0,0,0,0,0,1,0,0,0,0,0,0,0,0
339,340,195,2417,279,159,16,206,752,368,724,1,4,0,0,1,6,20,4,24,21,0,0,21,20,2,0,0,255,0,0,5,0,0,850,171,71,121,2,56,4,129,15,105,3,85,20,6,17,9,0,0,0,0,0,0,0,0,0,0,0,1,0,0,0,0,0,0,0,0
340,341,195,2417,279,159,16,206,752,368,724,1,4,0,0,1,6,20,4,24,21,0,0,21,20,2,0,0,255,0,0,5,0,0,850,171,71,121,2,56,4,129,15,105,3,85,20,6,17,9,0,0,0,0,0,0,0,0,0,0,0,1,0,0,0,0,0,0,0,0
341,342,195,2417,279,159,16,206,752,368,724,1,4,0,0,1,6,20,4,24,21,0,0,21,20,2,0,0,255,0,0,5,0,0,850,171,71,121,2,56,4,129,15,105,3,85,20,6,17,9,0,0,0,0,0,0,0,0,0,0,0,1,0,0,0,0,0,0,0,0
342,343,379,3187,350,702,42,249,1088,492,1110,2,4,0,0,1,8,35,5,16,14,0,0,21,20,2,0,0,255,0,0,5,0,0,853,171,71,121,2,56,4,129,15,105,3,85,20,6,17,9,0,0,0,0,0,0,0,0,0,0,0,1,0,0,0,0,0,0,0,0
343,344,379,3187,350,702,42,249,1088,492,1110,2,4,0,0,1,8,35,5,16,14,0,0,21,20,2,0,0,255,0,0,5,0,0,853,171,71,121,2,56,4,129,15,105,3,85,20,6,17,9,0,0,0,0,0,0,0,0,0,0,0,1,0,0,0,0,0,0,0,0
344,345,373,2946,259,911,41,259,851,591,687,2,3,0,0,0,14,33,10,16,15,0,0,71,20,2,0,0,255,0,0,5,0,0,852,171,72,121,2,56,4,129,14,105,3,85,20,6,17,9,0,0,0,0,0,0,0,0,0,0,0,1,0,0,0,0,0,0,0,0
345,346,332,2163,71,184,12,341,612,274,543,0,2,0,0,0,5,11,3,6,10,0,0,21,21,2,0,0,257,0,0,5,0,0,857,171,70,121,2,57,5,129,14,106,3,85,20,6,17,9,0,0,0,0,0,0,0,0,0,0,0,1,0,0,0,0,0,0,0,0
346,347,350,2762,102,254,12,553,1351,275,637,2,3,0,0,0,3,7,2,3,9,0,0,31,37,1,0,0,254,0,0,1,0,0,811,183,72,138,3,111,10,244,7,106,1,89,20,6,17,9,0,0,0,0,0,0,0,0,0,0,0,0,0,0,0,0,0,0,0,0
347,348,350,2762,102,254,12,553,1351,275,637,2,3,0,0,0,3,7,2,3,9,0,0,31,37,1,0,0,254,0,0,1,0,0,811,183,72,138,3,111,10,244,7,106,1,89,20,6,17,9,0,0,0,0,0,0,0,0,0,0,0,0,0,0,0,0,0,0,0,0
348,349,350,2762,102,254,12,553,1351,275,637,2,3,0,0,0,3,7,2,3,9,0,0,31,37,1,0,0,254,0,0,1,0,0,811,183,72,138,3,111,10,244,7,106,1,89,20,6,17,9,0,0,0,0,0,0,0,0,0,0,0,0,0,0,0,0,0,0,0,0
349,350,350,2762,102,254,12,553,1351,275,637,2,3,0,0,0,3,7,2,3,9,0,0,31,37,1,0,0,254,0,0,1,0,0,811,183,72,138,3,111,10,244,7,106,1,89,20,6,17,9,0,0,0,0,0,0,0,0,0,0,0,0,0,0,0,0,0,0,0,0
350,351,350,2762,102,254,12,553,1351,275,637,2,3,0,0,0,3,7,2,3,9,0,0,31,37,1,0,0,254,0,0,1,0,0,811,183,72,138,3,111,10,244,7,106,1,89,20,6,17,9,0,0,0,0,0,0,0,0,0,0,0,0,0,0,0,0,0,0,0,0
351,352,350,2762,102,254,12,553,1351,275,637,2,3,0,0,0,3,7,2,3,9,0,0,31,37,1,0,0,254,0,0,1,0,0,811,183,72,138,3,111,10,244,7,106,1,89,20,6,17,9,0,0,0,0,0,0,0,0,0,0,0,0,0,0,0,0,0,0,0,0
352,353,350,2762,102,254,12,553,1351,275,637,2,3,0,0,0,3,7,2,3,9,0,0,31,37,1,0,0,254,0,0,1,0,0,811,183,72,138,3,111,10,244,7,106,1,89,20,6,17,9,0,0,0,0,0,0,0,0,0,0,0,0,0,0,0,0,0,0,0,0
353,354,340,3161,111,301,12,517,1426,231,461,2,2,0,0,0,10,5,4,3,9,0,0,31,37,1,0,0,253,0,0,1,0,0,813,183,72,138,3,111,10,247,7,107,1,89,20,6,17,9,0,0,0,0,0,0,0,0,0,0,0,0,0,0,0,0,0,0,0,0
354,355,340,3161,111,301,12,517,1426,231,461,2,2,0,0,0,10,5,4,3,9,0,0,31,37,1,0,0,253,0,0,1,0,0,813,183,72,138,3,111,10,247,7,107,1,89,20,6,17,9,0,0,0,0,0,0,0,0,0,0,0,0,0,0,0,0,0,0,0,0
355,356,340,3161,111,301,12,517,1426,231,461,2,2,0,0,0,10,5,4,3,9,0,0,31,37,1,0,0,253,0,0,1,0,0,813,183,72,138,3,111,10,247,7,107,1,89,20,6,17,9,0,0,0,0,0,0,0,0,0,0,0,0,0,0,0,0,0,0,0,0
356,357,340,3161,111,301,12,517,1426,231,461,2,2,0,0,0,10,5,4,3,9,0,0,31,37,1,0,0,253,0,0,1,0,0,813,183,72,138,3,111,10,247,7,107,1,89,20,6,17,9,0,0,0,0,0,0,0,0,0,0,0,0,0,0,0,0,0,0,0,0
357,358,340,3161,111,301,12,517,1426,231,461,2,2,0,0,0,10,5,4,3,9,0,0,31,37,1,0,0,253,0,0,1,0,0,813,183,72,138,3,111,10,247,7,107,1,89,20,6,17,9,0,0,0,0,0,0,0,0,0,0,0,0,0,0,0,0,0,0,0,0
358,359,114,1293,29,188,146,157,442,78,566,1,31,0,0,0,18,9,17,6,24,0,0,4,26,7,4,0,12,0,0,33,0,14,85,37,5,29,1,33,9,14,2,3,0,0,0,0,0,40,0,0,0,1,5,0,0,0,0,0,0,0,0,0,0,0,0,0,0,0
359,360,114,1293,29,188,146,157,442,78,566,1,31,0,0,0,18,9,17,6,24,0,0,4,26,7,4,0,12,0,0,33,0,14,85,37,5,29,1,33,9,14,2,3,0,0,0,0,0,40,0,0,0,1,5,0,0,0,0,0,0,0,0,0,0,0,0,0,0,0
360,361,237,1806,55,218,163,308,736,114,654,1,34,0,0,0,26,12,21,7,30,0,2,4,26,7,4,0,12,0,0,34,0,18,96,37,5,30,2,33,9,16,2,7,0,0,4,0,9,59,0,0,0,1,5,0,0,0,0,0,0,1,0,0,0,0,0,0,0,0
361,362,237,1806,55,218,163,308,736,114,654,1,34,0,0,0,26,12,21,7,30,0,2,4,26,7,4,0,12,0,0,34,0,18,96,37,5,30,2,33,9,16,2,7,0,0,4,0,9,59,0,0,0,1,5,0,0,0,0,0,0,1,0,0,0,0,0,0,0,0
362,363,237,1806,55,218,163,308,736,114,654,1,34,0,0,0,26,12,21,7,30,0,2,4,26,7,4,0,12,0,0,34,0,18,96,37,5,30,2,33,9,16,2,7,0,0,4,0,9,59,0,0,0,1,5,0,0,0,0,0,0,1,0,0,0,0,0,0,0,0
363,364,237,1806,55,218,163,308,736,114,654,1,34,0,0,0,26,12,21,7,30,0,2,4,26,7,4,0,12,0,0,34,0,18,96,37,5,30,2,33,9,16,2,7,0,0,4,0,9,59,0,0,0,1,5,0,0,0,0,0,0,1,0,0,0,0,0,0,0,0
364,365,117,1409,44,194,152,395,590,84,580,1,31,0,0,0,18,9,17,6,24,0,0,4,26,7,4,0,12,0,0,33,0,15,75,38,5,31,2,33,4,14,2,5,0,0,0,0,1,49,0,0,0,1,5,0,0,0,0,0,0,0,0,0,0,0,0,0,0,0
365,366,117,1409,44,194,152,395,590,84,580,1,31,0,0,0,18,9,17,6,24,0,0,4,26,7,4,0,12,0,0,33,0,15,75,38,5,31,2,33,4,14,2,5,0,0,0,0,1,49,0,0,0,1,5,0,0,0,0,0,0,0,0,0,0,0,0,0,0,0
366,367,117,1409,44,194,152,395,590,84,580,1,31,0,0,0,18,9,17,6,24,0,0,4,26,7,4,0,12,0,0,33,0,15,75,38,5,31,2,33,4,14,2,5,0,0,0,0,1,49,0,0,0,1,5,0,0,0,0,0,0,0,0,0,0,0,0,0,0,0
367,368,117,1409,44,194,152,395,590,84,580,1,31,0,0,0,18,9,17,6,24,0,0,4,26,7,4,0,12,0,0,33,0,15,75,38,5,31,2,33,4,14,2,5,0,0,0,0,1,49,0,0,0,1,5,0,0,0,0,0,0,0,0,0,0,0,0,0,0,0
368,369,117,1409,44,194,152,395,590,84,580,1,31,0,0,0,18,9,17,6,24,0,0,4,26,7,4,0,12,0,0,33,0,15,75,38,5,31,2,33,4,14,2,5,0,0,0,0,1,49,0,0,0,1,5,0,0,0,0,0,0,0,0,0,0,0,0,0,0,0
369,370,117,1409,44,194,152,395,590,84,580,1,31,0,0,0,18,9,17,6,24,0,0,4,26,7,4,0,12,0,0,33,0,15,75,38,5,31,2,33,4,14,2,5,0,0,0,0,1,49,0,0,0,1,5,0,0,0,0,0,0,0,0,0,0,0,0,0,0,0
370,371,159,1556,71,197,193,656,593,79,591,1,33,0,0,0,18,12,17,6,27,0,0,7,26,9,4,0,12,0,0,33,0,14,76,37,5,29,1,33,4,14,2,3,0,0,0,0,0,42,0,0,0,1,5,0,0,0,0,0,0,0,0,0,0,0,0,0,0,0
371,372,159,1556,71,197,193,656,593,79,591,1,33,0,0,0,18,12,17,6,27,0,0,7,26,9,4,0,12,0,0,33,0,14,76,37,5,29,1,33,4,14,2,3,0,0,0,0,0,42,0,0,0,1,5,0,0,0,0,0,0,0,0,0,0,0,0,0,0,0
372,373,164,4070,158,43,837,767,1174,84,1789,2,11,0,0,1,29,19,76,26,69,0,0,8,42,11,0,0,5,0,0,38,0,2,81,49,3,21,3,1,6,2,3,0,0,2,0,0,0,81,0,0,0,1,5,0,0,0,0,0,0,0,0,0,0,0,0,0,0,0
373,374,164,4070,158,43,837,767,1174,84,1789,2,11,0,0,1,29,19,76,26,69,0,0,8,42,11,0,0,5,0,0,38,0,2,81,49,3,21,3,1,6,2,3,0,0,2,0,0,0,81,0,0,0,1,5,0,0,0,0,0,0,0,0,0,0,0,0,0,0,0
374,375,164,4070,158,43,837,767,1174,84,1789,2,11,0,0,1,29,19,76,26,69,0,0,8,42,11,0,0,5,0,0,38,0,2,81,49,3,21,3,1,6,2,3,0,0,2,0,0,0,81,0,0,0,1,5,0,0,0,0,0,0,0,0,0,0,0,0,0,0,0
375,376,164,4070,158,43,837,767,1174,84,1789,2,11,0,0,1,29,19,76,26,69,0,0,8,42,11,0,0,5,0,0,38,0,2,81,49,3,21,3,1,6,2,3,0,0,2,0,0,0,81,0,0,0,1,5,0,0,0,0,0,0,0,0,0,0,0,0,0,0,0
376,377,426,4039,116,58,854,467,1154,90,1943,2,9,0,0,1,30,16,85,27,74,0,0,20,42,9,0,0,5,0,0,38,0,2,79,49,3,21,3,1,6,2,3,0,0,2,0,0,0,80,0,0,0,1,5,0,0,0,0,0,0,0,0,0,0,0,0,0,0,0
377,378,426,4039,116,58,854,467,1154,90,1943,2,9,0,0,1,30,16,85,27,74,0,0,20,42,9,0,0,5,0,0,38,0,2,79,49,3,21,3,1,6,2,3,0,0,2,0,0,0,80,0,0,0,1,5,0,0,0,0,0,0,0,0,0,0,0,0,0,0,0
378,379,426,4039,116,58,854,467,1154,90,1943,2,9,0,0,1,30,16,85,27,74,0,0,20,42,9,0,0,5,0,0,38,0,2,79,49,3,21,3,1,6,2,3,0,0,2,0,0,0,80,0,0,0,1,5,0,0,0,0,0,0,0,0,0,0,0,0,0,0,0
379,380,119,3928,118,67,819,377,1202,83,1859,2,9,0,0,1,31,17,77,28,73,0,0,5,42,9,0,0,5,0,0,38,0,2,79,49,3,21,3,1,6,2,3,0,0,2,0,0,0,79,0,0,0,1,5,0,0,0,0,0,0,0,0,0,0,0,0,0,0,0
380,381,119,3928,118,67,819,377,1202,83,1859,2,9,0,0,1,31,17,77,28,73,0,0,5,42,9,0,0,5,0,0,38,0,2,79,49,3,21,3,1,6,2,3,0,0,2,0,0,0,79,0,0,0,1,5,0,0,0,0,0,0,0,0,0,0,0,0,0,0,0
381,382,119,3928,118,67,819,377,1202,83,1859,2,9,0,0,1,31,17,77,28,73,0,0,5,42,9,0,0,5,0,0,38,0,2,79,49,3,21,3,1,6,2,3,0,0,2,0,0,0,79,0,0,0,1,5,0,0,0,0,0,0,0,0,0,0,0,0,0,0,0
382,383,1388,9054,15,324,999,276,5034,736,3650,17,13,0,0,14,22,6,247,14,43,0,0,23,44,25,0,0,35,0,0,157,12,2,118,95,2,5,2,1,6,6,11,0,0,0,0,0,0,25,0,1,0,0,23,0,0,0,0,0,0,0,0,0,0,0,0,0,0,0
383,384,1423,9203,27,393,1071,225,5017,766,4034,17,12,0,0,14,25,6,246,18,46,0,0,23,46,29,0,0,44,0,0,195,14,1,151,77,2,2,1,0,17,6,30,0,0,0,0,1,0,23,0,1,0,0,33,0,0,0,0,0,0,0,0,0,0,0,0,0,0,0
384,385,1423,9203,27,393,1071,225,5017,766,4034,17,12,0,0,14,25,6,246,18,46,0,0,23,46,29,0,0,44,0,0,195,14,1,151,77,2,2,1,0,17,6,30,0,0,0,0,1,0,23,0,1,0,0,33,0,0,0,0,0,0,0,0,0,0,0,0,0,0,0
385,386,1423,9203,27,393,1071,225,5017,766,4034,17,12,0,0,14,25,6,246,18,46,0,0,23,46,29,0,0,44,0,0,195,14,1,151,77,2,2,1,0,17,6,30,0,0,0,0,1,0,23,0,1,0,0,33,0,0,0,0,0,0,0,0,0,0,0,0,0,0,0
386,387,1423,9203,27,393,1071,225,5017,766,4034,17,12,0,0,14,25,6,246,18,46,0,0,23,46,29,0,0,44,0,0,195,14,1,151,77,2,2,1,0,17,6,30,0,0,0,0,1,0,23,0,1,0,0,33,0,0,0,0,0,0,0,0,0,0,0,0,0,0,0
387,388,1051,4011,31,289,613,517,2096,210,2931,16,12,0,0,10,26,4,251,16,31,0,0,26,38,29,0,0,20,0,0,176,16,2,111,57,1,2,0,0,12,2,31,0,0,0,0,1,0,12,0,0,0,0,13,0,0,0,0,0,0,0,0,0,0,0,0,0,0,0
388,389,1010,3506,10,194,398,480,1961,173,2340,16,12,0,0,10,25,3,249,10,23,0,0,26,37,11,0,0,12,0,0,127,14,2,54,49,1,1,0,0,6,1,13,0,0,0,0,0,0,2,0,0,0,0,0,0,0,0,0,0,0,0,0,0,0,0,0,0,0,0
389,390,1010,3506,10,194,398,480,1961,173,2340,16,12,0,0,10,25,3,249,10,23,0,0,26,37,11,0,0,12,0,0,127,14,2,54,49,1,1,0,0,6,1,13,0,0,0,0,0,0,2,0,0,0,0,0,0,0,0,0,0,0,0,0,0,0,0,0,0,0,0
390,391,1010,3506,10,194,398,480,1961,173,2340,16,12,0,0,10,25,3,249,10,23,0,0,26,37,11,0,0,12,0,0,127,14,2,54,49,1,1,0,0,6,1,13,0,0,0,0,0,0,2,0,0,0,0,0,0,0,0,0,0,0,0,0,0,0,0,0,0,0,0
391,392,1507,4523,21,250,445,606,2312,189,2592,16,12,0,0,33,23,4,351,11,23,0,0,26,37,11,0,0,12,0,0,127,14,2,54,50,1,1,0,0,6,1,13,0,0,0,0,0,0,2,0,0,0,0,0,0,0,0,0,0,0,0,0,0,0,0,0,0,0,0
392,393,1507,4523,21,250,445,606,2312,189,2592,16,12,0,0,33,23,4,351,11,23,0,0,26,37,11,0,0,12,0,0,127,14,2,54,50,1,1,0,0,6,1,13,0,0,0,0,0,0,2,0,0,0,0,0,0,0,0,0,0,0,0,0,0,0,0,0,0,0,0
393,394,1369,3188,12,218,365,314,1417,82,1492,37,3,0,0,42,14,4,333,12,18,0,0,7,8,22,0,0,1,0,0,200,5,1,12,29,0,0,0,0,1,0,1,0,0,0,0,0,0,0,0,0,0,0,0,0,0,0,0,0,0,0,0,0,0,0,0,0,0,0
394,395,1369,3188,12,218,365,314,1417,82,1492,37,3,0,0,42,14,4,333,12,18,0,0,7,8,22,0,0,1,0,0,200,5,1,12,29,0,0,0,0,1,0,1,0,0,0,0,0,0,0,0,0,0,0,0,0,0,0,0,0,0,0,0,0,0,0,0,0,0,0
395,396,1369,3188,12,218,365,314,1417,82,1492,37,3,0,0,42,14,4,333,12,18,0,0,7,8,22,0,0,1,0,0,200,5,1,12,29,0,0,0,0,1,0,1,0,0,0,0,0,0,0,0,0,0,0,0,0,0,0,0,0,0,0,0,0,0,0,0,0,0,0
396,397,1369,3188,12,218,365,314,1417,82,1492,37,3,0,0,42,14,4,333,12,18,0,0,7,8,22,0,0,1,0,0,200,5,1,12,29,0,0,0,0,1,0,1,0,0,0,0,0,0,0,0,0,0,0,0,0,0,0,0,0,0,0,0,0,0,0,0,0,0,0
397,398,1369,3188,12,218,365,314,1417,82,1492,37,3,0,0,42,14,4,333,12,18,0,0,7,8,22,0,0,1,0,0,200,5,1,12,29,0,0,0,0,1,0,1,0,0,0,0,0,0,0,0,0,0,0,0,0,0,0,0,0,0,0,0,0,0,0,0,0,0,0
398,399,1369,3188,12,218,365,314,1417,82,1492,37,3,0,0,42,14,4,333,12,18,0,0,7,8,22,0,0,1,0,0,200,5,1,12,29,0,0,0,0,1,0,1,0,0,0,0,0,0,0,0,0,0,0,0,0,0,0,0,0,0,0,0,0,0,0,0,0,0,0
399,400,1369,3188,12,218,365,314,1417,82,1492,37,3,0,0,42,14,4,333,12,18,0,0,7,8,22,0,0,1,0,0,200,5,1,12,29,0,0,0,0,1,0,1,0,0,0,0,0,0,0,0,0,0,0,0,0,0,0,0,0,0,0,0,0,0,0,0,0,0,0
400,401,1369,3188,12,218,365,314,1417,82,1492,37,3,0,0,42,14,4,333,12,18,0,0,7,8,22,0,0,1,0,0,200,5,1,12,29,0,0,0,0,1,0,1,0,0,0,0,0,0,0,0,0,0,0,0,0,0,0,0,0,0,0,0,0,0,0,0,0,0,0
401,402,1369,3188,12,218,365,314,1417,82,1492,37,3,0,0,42,14,4,333,12,18,0,0,7,8,22,0,0,1,0,0,200,5,1,12,29,0,0,0,0,1,0,1,0,0,0,0,0,0,0,0,0,0,0,0,0,0,0,0,0,0,0,0,0,0,0,0,0,0,0
402,403,1284,3442,5,352,357,330,1209,70,1494,38,3,0,0,44,16,6,293,19,22,0,0,7,9,27,0,0,2,0,0,206,5,1,18,28,0,0,0,0,1,0,2,0,1,0,0,0,0,0,0,0,0,0,0,0,0,0,0,0,0,0,0,0,0,0,0,0,0,0
403,404,1284,3442,5,352,357,330,1209,70,1494,38,3,0,0,44,16,6,293,19,22,0,0,7,9,27,0,0,2,0,0,206,5,1,18,28,0,0,0,0,1,0,2,0,1,0,0,0,0,0,0,0,0,0,0,0,0,0,0,0,0,0,0,0,0,0,0,0,0,0
404,405,1284,3442,5,352,357,330,1209,70,1494,38,3,0,0,44,16,6,293,19,22,0,0,7,9,27,0,0,2,0,0,206,5,1,18,28,0,0,0,0,1,0,2,0,1,0,0,0,0,0,0,0,0,0,0,0,0,0,0,0,0,0,0,0,0,0,0,0,0,0
405,406,1284,3442,5,352,357,330,1209,70,1494,38,3,0,0,44,16,6,293,19,22,0,0,7,9,27,0,0,2,0,0,206,5,1,18,28,0,0,0,0,1,0,2,0,1,0,0,0,0,0,0,0,0,0,0,0,0,0,0,0,0,0,0,0,0,0,0,0,0,0
406,407,1284,3442,5,352,357,330,1209,70,1494,38,3,0,0,44,16,6,293,19,22,0,0,7,9,27,0,0,2,0,0,206,5,1,18,28,0,0,0,0,1,0,2,0,1,0,0,0,0,0,0,0,0,0,0,0,0,0,0,0,0,0,0,0,0,0,0,0,0,0
407,408,1813,3791,5,346,335,356,959,63,1587,8,5,0,0,66,11,11,349,26,47,0,0,3,7,26,1,0,1,0,0,241,2,0,10,84,0,0,0,0,1,0,1,0,1,0,0,0,0,0,0,0,37,0,0,0,0,0,0,0,0,0,0,0,0,0,0,0,0,0
408,409,1813,3791,5,346,335,356,959,63,1587,8,5,0,0,66,11,11,349,26,47,0,0,3,7,26,1,0,1,0,0,241,2,0,10,84,0,0,0,0,1,0,1,0,1,0,0,0,0,0,0,0,37,0,0,0,0,0,0,0,0,0,0,0,0,0,0,0,0,0
409,410,1382,2900,1,190,309,221,783,66,1437,7,5,0,0,57,8,8,291,18,43,0,0,3,6,21,1,0,0,0,0,230,2,0,2,83,0,0,0,0,1,0,0,0,0,0,0,0,0,0,0,0,37,0,0,0,0,0,0,0,0,0,0,0,0,0,0,0,0,0
410,411,972,3801,3,291,310,686,952,62,1389,8,4,0,0,149,9,3,162,9,27,0,0,0,0,17,0,0,0,0,0,168,2,0,2,24,0,0,0,0,1,0,0,0,0,0,0,0,0,0,0,0,53,0,0,0,0,0,0,0,0,0,0,0,0,0,0,0,0,0
411,412,972,3801,3,291,310,686,952,62,1389,8,4,0,0,149,9,3,162,9,27,0,0,0,0,17,0,0,0,0,0,168,2,0,2,24,0,0,0,0,1,0,0,0,0,0,0,0,0,0,0,0,53,0,0,0,0,0,0,0,0,0,0,0,0,0,0,0,0,0
412,413,981,3838,3,286,316,686,973,57,1382,8,4,0,0,149,9,3,162,9,30,0,0,0,0,17,0,0,0,0,0,168,2,0,2,24,0,0,0,0,1,0,0,0,0,0,0,0,0,0,0,0,53,0,0,0,0,0,0,0,0,0,0,0,0,0,0,0,0,0
413,414,981,3838,3,286,316,686,973,57,1382,8,4,0,0,149,9,3,162,9,30,0,0,0,0,17,0,0,0,0,0,168,2,0,2,24,0,0,0,0,1,0,0,0,0,0,0,0,0,0,0,0,53,0,0,0,0,0,0,0,0,0,0,0,0,0,0,0,0,0
414,415,981,3838,3,286,316,686,973,57,1382,8,4,0,0,149,9,3,162,9,30,0,0,0,0,17,0,0,0,0,0,168,2,0,2,24,0,0,0,0,1,0,0,0,0,0,0,0,0,0,0,0,53,0,0,0,0,0,0,0,0,0,0,0,0,0,0,0,0,0
415,416,947,3622,3,280,306,675,897,53,1341,8,4,0,0,149,9,3,158,8,26,0,0,0,0,17,0,0,0,0,0,168,2,0,2,24,0,0,0,0,1,0,0,0,0,0,0,0,0,0,0,0,53,0,0,0,0,0,0,0,0,0,0,0,0,0,0,0,0,0
416,417,947,3622,3,280,306,675,897,53,1341,8,4,0,0,149,9,3,158,8,26,0,0,0,0,17,0,0,0,0,0,168,2,0,2,24,0,0,0,0,1,0,0,0,0,0,0,0,0,0,0,0,53,0,0,0,0,0,0,0,0,0,0,0,0,0,0,0,0,0
417,418,947,3622,3,280,306,675,897,53,1341,8,4,0,0,149,9,3,158,8,26,0,0,0,0,17,0,0,0,0,0,168,2,0,2,24,0,0,0,0,1,0,0,0,0,0,0,0,0,0,0,0,53,0,0,0,0,0,0,0,0,0,0,0,0,0,0,0,0,0
418,419,947,3622,3,280,306,675,897,53,1341,8,4,0,0,149,9,3,158,8,26,0,0,0,0,17,0,0,0,0,0,168,2,0,2,24,0,0,0,0,1,0,0,0,0,0,0,0,0,0,0,0,53,0,0,0,0,0,0,0,0,0,0,0,0,0,0,0,0,0
419,420,981,1610,0,202,123,228,847,99,728,2,0,0,0,183,13,3,47,9,6,0,0,0,0,4,0,0,0,0,0,61,0,5,2,11,0,0,0,0,0,0,1,0,0,0,0,0,0,0,1,0,1,0,0,0,0,0,0,0,0,0,0,0,0,0,0,0,0,0
420,421,981,1610,0,202,123,228,847,99,728,2,0,0,0,183,13,3,47,9,6,0,0,0,0,4,0,0,0,0,0,61,0,5,2,11,0,0,0,0,0,0,1,0,0,0,0,0,0,0,1,0,1,0,0,0,0,0,0,0,0,0,0,0,0,0,0,0,0,0
421,422,986,1659,0,179,123,220,865,100,732,2,0,0,0,185,13,3,48,9,6,0,0,0,0,4,0,0,0,0,0,61,0,5,2,11,0,0,0,0,0,0,1,0,0,0,0,0,0,0,1,0,1,0,0,0,0,0,0,0,0,0,0,0,0,0,0,0,0,0
422,423,1374,3040,0,348,357,233,1233,164,1298,19,0,0,2,279,75,21,127,11,41,0,0,0,2,1,0,0,0,0,0,26,0,0,2,9,0,0,0,0,0,0,1,0,0,0,0,1,0,0,0,0,2,0,0,0,0,0,0,3,0,0,0,0,0,0,0,0,0,0
423,424,1374,3040,0,348,357,233,1233,164,1298,19,0,0,2,279,75,21,127,11,41,0,0,0,2,1,0,0,0,0,0,26,0,0,2,9,0,0,0,0,0,0,1,0,0,0,0,1,0,0,0,0,2,0,0,0,0,0,0,3,0,0,0,0,0,0,0,0,0,0
424,425,1374,3040,0,348,357,233,1233,164,1298,19,0,0,2,279,75,21,127,11,41,0,0,0,2,1,0,0,0,0,0,26,0,0,2,9,0,0,0,0,0,0,1,0,0,0,0,1,0,0,0,0,2,0,0,0,0,0,0,3,0,0,0,0,0,0,0,0,0,0
425,426,1320,3132,0,322,301,179,1254,150,1313,8,0,0,2,255,23,21,73,11,35,0,0,0,2,1,0,0,0,0,0,29,0,0,2,6,0,0,0,0,0,0,1,0,0,0,0,1,0,0,0,0,0,0,0,0,0,0,0,3,0,0,0,0,0,0,0,0,0,0
426,427,1192,3031,0,325,301,153,1241,150,1426,8,0,0,2,255,23,21,73,13,35,0,0,0,2,1,0,0,0,0,0,29,0,0,2,6,0,0,0,0,0,0,1,0,0,0,0,1,0,0,0,0,0,0,0,0,0,0,0,3,0,0,0,0,0,0,0,0,0,0
427,428,1512,4242,1,849,268,320,1075,324,1861,4,0,0,0,221,43,18,85,19,31,0,0,0,0,1,0,0,0,0,0,15,0,0,2,2,0,0,0,0,0,0,1,0,0,0,0,2,0,0,0,0,1,0,0,0,0,0,0,1,0,0,0,0,0,0,0,0,0,0
428,429,1501,4248,1,849,267,317,1075,324,1857,4,0,0,0,225,43,18,85,19,31,0,0,0,0,1,0,0,0,0,0,15,0,0,2,2,0,0,0,0,0,0,1,0,0,0,0,2,0,0,0,0,1,0,0,0,0,0,0,1,0,0,0,0,0,0,0,0,0,0
429,430,1501,4248,1,849,267,317,1075,324,1857,4,0,0,0,225,43,18,85,19,31,0,0,0,0,1,0,0,0,0,0,15,0,0,2,2,0,0,0,0,0,0,1,0,0,0,0,2,0,0,0,0,1,0,0,0,0,0,0,1,0,0,0,0,0,0,0,0,0,0
430,431,1709,4792,1,991,335,474,1252,379,1990,1,0,0,0,245,55,20,120,19,35,0,0,0,0,1,0,0,0,0,0,11,0,0,2,2,0,0,0,0,0,0,1,0,0,0,0,2,0,0,0,0,1,0,0,0,0,0,0,1,0,0,0,0,0,0,0,0,0,0
431,432,1709,4792,1,991,335,474,1252,379,1990,1,0,0,0,245,55,20,120,19,35,0,0,0,0,1,0,0,0,0,0,11,0,0,2,2,0,0,0,0,0,0,1,0,0,0,0,2,0,0,0,0,1,0,0,0,0,0,0,1,0,0,0,0,0,0,0,0,0,0
432,433,1709,4792,1,991,335,474,1252,379,1990,1,0,0,0,245,55,20,120,19,35,0,0,0,0,1,0,0,0,0,0,11,0,0,2,2,0,0,0,0,0,0,1,0,0,0,0,2,0,0,0,0,1,0,0,0,0,0,0,1,0,0,0,0,0,0,0,0,0,0
433,434,1510,3602,6,491,223,163,1133,276,1889,7,2,0,0,659,24,3,137,20,12,0,0,12,0,1,0,0,0,0,0,10,0,0,2,2,0,0,0,0,0,0,1,0,0,0,0,1,0,0,0,0,0,0,0,0,0,0,0,0,0,0,0,0,0,0,0,0,0,0
434,435,1510,3602,6,491,223,163,1133,276,1889,7,2,0,0,659,24,3,137,20,12,0,0,12,0,1,0,0,0,0,0,10,0,0,2,2,0,0,0,0,0,0,1,0,0,0,0,1,0,0,0,0,0,0,0,0,0,0,0,0,0,0,0,0,0,0,0,0,0,0
435,436,1536,3675,6,495,223,187,1151,282,1916,7,2,0,0,682,24,3,137,20,12,0,0,12,0,1,0,0,0,0,0,10,0,0,2,2,0,0,0,0,0,0,1,0,0,0,0,1,0,0,0,0,0,0,0,0,0,0,0,0,0,0,0,0,0,0,0,0,0,0
436,437,1536,3675,6,495,223,187,1151,282,1916,7,2,0,0,682,24,3,137,20,12,0,0,12,0,1,0,0,0,0,0,10,0,0,2,2,0,0,0,0,0,0,1,0,0,0,0,1,0,0,0,0,0,0,0,0,0,0,0,0,0,0,0,0,0,0,0,0,0,0
437,438,1536,3675,6,495,223,187,1151,282,1916,7,2,0,0,682,24,3,137,20,12,0,0,12,0,1,0,0,0,0,0,10,0,0,2,2,0,0,0,0,0,0,1,0,0,0,0,1,0,0,0,0,0,0,0,0,0,0,0,0,0,0,0,0,0,0,0,0,0,0
438,439,1180,3853,2,282,206,164,774,221,1382,5,0,0,1,563,10,2,138,15,7,0,0,12,0,1,0,0,0,0,0,10,0,0,2,2,0,0,0,0,0,0,1,0,0,0,0,1,0,0,0,0,0,0,0,0,0,0,0,1,0,0,0,0,0,0,0,0,0,0
439,440,1180,3853,2,282,206,164,774,221,1382,5,0,0,1,563,10,2,138,15,7,0,0,12,0,1,0,0,0,0,0,10,0,0,2,2,0,0,0,0,0,0,1,0,0,0,0,1,0,0,0,0,0,0,0,0,0,0,0,1,0,0,0,0,0,0,0,0,0,0
440,441,910,4188,2,292,159,147,715,140,1291,7,0,0,1,478,9,2,108,11,7,0,0,12,0,1,0,0,0,0,0,10,0,0,2,2,0,0,0,0,0,0,1,0,0,0,0,1,0,0,0,0,0,0,0,0,0,0,0,1,0,0,0,0,0,0,0,0,0,0
441,442,910,4188,2,292,159,147,715,140,1291,7,0,0,1,478,9,2,108,11,7,0,0,12,0,1,0,0,0,0,0,10,0,0,2,2,0,0,0,0,0,0,1,0,0,0,0,1,0,0,0,0,0,0,0,0,0,0,0,1,0,0,0,0,0,0,0,0,0,0
442,443,910,4188,2,292,159,147,715,140,1291,7,0,0,1,478,9,2,108,11,7,0,0,12,0,1,0,0,0,0,0,10,0,0,2,2,0,0,0,0,0,0,1,0,0,0,0,1,0,0,0,0,0,0,0,0,0,0,0,1,0,0,0,0,0,0,0,0,0,0
443,444,1220,4706,0,386,336,435,2022,535,1440,11,6,0,0,403,20,32,101,48,27,0,0,9,0,0,0,0,0,0,0,0,0,0,0,0,0,0,0,0,0,0,0,0,0,0,0,0,0,0,0,0,0,0,0,0,0,0,0,0,0,0,0,0,0,0,0,0,0,0
444,445,1220,4706,0,386,336,435,2022,535,1440,11,6,0,0,403,20,32,101,48,27,0,0,9,0,0,0,0,0,0,0,0,0,0,0,0,0,0,0,0,0,0,0,0,0,0,0,0,0,0,0,0,0,0,0,0,0,0,0,0,0,0,0,0,0,0,0,0,0,0
445,446,1712,4824,0,442,323,509,2390,566,1450,28,8,0,0,443,25,34,99,44,30,0,0,9,0,0,0,0,0,0,0,0,0,0,0,0,0,0,0,0,0,0,0,0,0,0,0,0,0,0,0,0,1,0,0,0,0,0,0,0,0,0,0,0,0,0,0,0,0,0
446,447,1712,4824,0,442,323,509,2390,566,1450,28,8,0,0,443,25,34,99,44,30,0,0,9,0,0,0,0,0,0,0,0,0,0,0,0,0,0,0,0,0,0,0,0,0,0,0,0,0,0,0,0,1,0,0,0,0,0,0,0,0,0,0,0,0,0,0,0,0,0
447,448,1712,4824,0,442,323,509,2390,566,1450,28,8,0,0,443,25,34,99,44,30,0,0,9,0,0,0,0,0,0,0,0,0,0,0,0,0,0,0,0,0,0,0,0,0,0,0,0,0,0,0,0,1,0,0,0,0,0,0,0,0,0,0,0,0,0,0,0,0,0
448,449,1712,4824,0,442,323,509,2390,566,1450,28,8,0,0,443,25,34,99,44,30,0,0,9,0,0,0,0,0,0,0,0,0,0,0,0,0,0,0,0,0,0,0,0,0,0,0,0,0,0,0,0,1,0,0,0,0,0,0,0,0,0,0,0,0,0,0,0,0,0
449,450,5498,8915,0,1628,522,606,6739,2444,1026,38,7,1,7,812,61,260,65,95,61,0,0,16,0,0,0,0,0,0,0,0,0,0,0,0,0,0,0,0,0,0,0,0,0,0,0,0,0,0,0,0,1,0,0,0,0,0,0,0,0,0,0,0,0,0,0,0,0,0
450,451,5498,8915,0,1628,522,606,6739,2444,1026,38,7,1,7,812,61,260,65,95,61,0,0,16,0,0,0,0,0,0,0,0,0,0,0,0,0,0,0,0,0,0,0,0,0,0,0,0,0,0,0,0,1,0,0,0,0,0,0,0,0,0,0,0,0,0,0,0,0,0
451,452,5391,8125,1,1368,487,619,6310,2166,969,36,10,1,6,820,36,263,55,96,65,0,0,16,0,0,0,0,0,0,0,0,0,0,0,0,0,0,0,0,0,0,0,0,0,0,0,0,0,0,0,0,1,0,0,0,0,0,0,0,0,0,0,0,0,0,0,0,0,0
452,453,5742,9041,1,1504,494,636,6407,2532,980,36,10,1,6,827,36,274,65,106,72,0,0,16,0,0,0,0,0,0,0,0,0,0,0,0,0,0,0,0,0,0,0,0,0,0,0,0,0,0,0,0,1,0,0,0,0,0,0,0,0,0,0,0,0,0,0,0,0,0
453,454,5742,9041,1,1504,494,636,6407,2532,980,36,10,1,6,827,36,274,65,106,72,0,0,16,0,0,0,0,0,0,0,0,0,0,0,0,0,0,0,0,0,0,0,0,0,0,0,0,0,0,0,0,1,0,0,0,0,0,0,0,0,0,0,0,0,0,0,0,0,0
454,455,5742,9041,1,1504,494,636,6407,2532,980,36,10,1,6,827,36,274,65,106,72,0,0,16,0,0,0,0,0,0,0,0,0,0,0,0,0,0,0,0,0,0,0,0,0,0,0,0,0,0,0,0,1,0,0,0,0,0,0,0,0,0,0,0,0,0,0,0,0,0
455,456,5616,9040,1,1522,502,627,6429,2533,985,34,9,1,6,746,42,280,62,103,68,0,0,16,0,0,0,0,0,0,0,0,0,0,0,0,0,0,0,0,0,0,0,0,0,0,0,0,0,0,0,0,1,0,0,0,0,0,0,0,0,0,0,0,0,0,0,0,0,0
456,457,5555,8801,1,1522,383,627,6384,2517,846,34,9,1,6,847,42,266,62,103,68,0,0,16,0,0,0,0,0,0,0,0,0,0,0,0,0,0,0,0,0,0,0,0,0,0,0,0,0,0,0,0,1,0,0,0,0,0,0,0,0,0,0,0,0,0,0,0,0,0
457,458,6474,7544,1,1388,482,588,6111,2172,827,34,7,1,6,879,43,259,45,101,71,0,0,16,0,0,0,0,0,0,0,0,0,0,0,0,0,0,0,0,0,0,0,0,0,0,0,0,0,0,0,0,1,0,0,0,0,0,0,0,0,0,0,0,0,0,0,0,0,0
458,459,6433,6842,0,1408,472,631,6149,2206,611,29,10,1,6,980,40,259,38,89,64,0,0,16,0,0,0,0,0,0,0,0,0,0,0,0,0,0,0,0,0,0,0,0,0,0,0,0,0,0,0,0,1,0,0,0,0,0,0,0,0,0,0,0,0,0,0,0,0,0
459,460,6433,6842,0,1408,472,631,6149,2206,611,29,10,1,6,980,40,259,38,89,64,0,0,16,0,0,0,0,0,0,0,0,0,0,0,0,0,0,0,0,0,0,0,0,0,0,0,0,0,0,0,0,1,0,0,0,0,0,0,0,0,0,0,0,0,0,0,0,0,0
460,461,3234,1817,4,135,282,364,1448,263,112,24,5,0,0,601,5,14,0,19,13,0,0,29,0,0,0,0,0,0,0,0,0,0,0,0,0,0,0,0,0,0,0,0,0,0,0,0,0,0,0,0,0,0,0,0,0,0,0,0,0,0,0,0,0,0,0,0,0,0
461,462,3234,1817,4,135,282,364,1448,263,112,24,5,0,0,601,5,14,0,19,13,0,0,29,0,0,0,0,0,0,0,0,0,0,0,0,0,0,0,0,0,0,0,0,0,0,0,0,0,0,0,0,0,0,0,0,0,0,0,0,0,0,0,0,0,0,0,0,0,0
462,463,3234,1817,4,135,282,364,1448,263,112,24,5,0,0,601,5,14,0,19,13,0,0,29,0,0,0,0,0,0,0,0,0,0,0,0,0,0,0,0,0,0,0,0,0,0,0,0,0,0,0,0,0,0,0,0,0,0,0,0,0,0,0,0,0,0,0,0,0,0
463,464,3055,1404,1,128,262,340,1300,234,111,19,5,0,0,627,5,14,0,19,13,0,0,29,0,0,0,0,0,0,0,0,0,0,0,0,0,0,0,0,0,0,0,0,0,0,0,0,0,0,0,0,0,0,0,0,0,0,0,0,0,0,0,0,0,0,0,0,0,0
464,465,3055,1404,1,128,262,340,1300,234,111,19,5,0,0,627,5,14,0,19,13,0,0,29,0,0,0,0,0,0,0,0,0,0,0,0,0,0,0,0,0,0,0,0,0,0,0,0,0,0,0,0,0,0,0,0,0,0,0,0,0,0,0,0,0,0,0,0,0,0
465,466,3100,1532,1,112,123,455,1243,176,92,5,21,0,0,694,3,11,0,18,22,0,0,1,0,0,0,0,0,0,0,0,0,0,0,0,0,0,0,0,0,0,0,0,0,0,0,0,0,0,0,0,0,0,0,0,0,0,0,0,0,0,0,0,0,0,0,0,0,0
466,467,3100,1532,1,112,123,455,1243,176,92,5,21,0,0,694,3,11,0,18,22,0,0,1,0,0,0,0,0,0,0,0,0,0,0,0,0,0,0,0,0,0,0,0,0,0,0,0,0,0,0,0,0,0,0,0,0,0,0,0,0,0,0,0,0,0,0,0,0,0
467,468,3165,1475,1,108,95,453,1084,176,91,5,18,0,0,561,3,11,0,22,22,0,0,1,0,0,0,0,0,0,0,0,0,0,0,0,0,0,0,0,0,0,0,0,0,0,0,0,0,0,0,0,0,0,0,0,0,0,0,0,0,0,0,0,0,0,0,0,0,0
468,469,3995,1752,0,102,156,591,1843,113,84,5,33,0,0,660,3,9,1,26,31,0,0,1,0,0,0,0,0,0,0,0,0,0,0,0,0,0,0,0,0,0,0,0,0,0,0,0,0,0,0,0,0,0,0,0,0,0,0,0,0,0,0,0,0,0,0,0,0,0
469,470,3972,1597,0,75,146,631,1782,35,32,10,34,0,0,659,3,7,1,7,32,0,0,1,0,0,0,0,0,0,0,0,0,0,0,0,0,0,0,0,0,0,0,0,0,0,0,0,0,0,0,0,0,0,0,0,0,0,0,0,0,0,0,0,0,0,0,0,0,0
470,471,3972,1597,0,75,146,631,1782,35,32,10,34,0,0,659,3,7,1,7,32,0,0,1,0,0,0,0,0,0,0,0,0,0,0,0,0,0,0,0,0,0,0,0,0,0,0,0,0,0,0,0,0,0,0,0,0,0,0,0,0,0,0,0,0,0,0,0,0,0
471,472,3071,1208,2,60,113,516,1698,31,18,9,33,0,0,583,3,7,1,10,30,0,0,4,0,0,0,0,0,0,0,0,0,0,0,0,0,0,0,0,0,0,0,0,0,0,0,0,0,0,0,0,0,0,0,0,0,0,0,0,0,0,0,0,0,0,0,0,0,0
472,473,3071,1208,2,60,113,516,1698,31,18,9,33,0,0,583,3,7,1,10,30,0,0,4,0,0,0,0,0,0,0,0,0,0,0,0,0,0,0,0,0,0,0,0,0,0,0,0,0,0,0,0,0,0,0,0,0,0,0,0,0,0,0,0,0,0,0,0,0,0
473,474,3064,1208,2,60,114,517,1712,31,18,9,33,0,0,600,3,7,1,10,30,0,0,4,0,0,0,0,0,0,0,0,0,0,0,0,0,0,0,0,0,0,0,0,0,0,0,0,0,0,0,0,0,0,0,0,0,0,0,0,0,0,0,0,0,0,0,0,0,0
474,475,3064,1208,2,60,114,517,1712,31,18,9,33,0,0,600,3,7,1,10,30,0,0,4,0,0,0,0,0,0,0,0,0,0,0,0,0,0,0,0,0,0,0,0,0,0,0,0,0,0,0,0,0,0,0,0,0,0,0,0,0,0,0,0,0,0,0,0,0,0
475,476,3064,1208,2,60,114,517,1712,31,18,9,33,0,0,600,3,7,1,10,30,0,0,4,0,0,0,0,0,0,0,0,0,0,0,0,0,0,0,0,0,0,0,0,0,0,0,0,0,0,0,0,0,0,0,0,0,0,0,0,0,0,0,0,0,0,0,0,0,0
476,477,3077,1215,2,60,113,516,1696,31,18,9,33,0,0,600,3,7,2,10,30,0,0,4,0,0,0,0,0,0,0,0,0,0,0,0,0,0,0,0,0,0,0,0,0,0,0,0,0,0,0,0,0,0,0,0,0,0,0,0,0,0,0,0,0,0,0,0,0,0
477,478,5138,1605,2,58,135,749,1950,40,19,13,40,0,0,799,6,8,4,10,35,0,0,13,0,0,0,0,0,0,0,0,0,0,0,0,0,0,0,0,0,0,0,0,0,0,0,0,0,0,0,0,0,0,0,0,0,0,0,0,0,0,0,0,0,0,0,0,0,0
478,479,3435,712,1,29,58,358,931,24,14,14,14,0,0,282,3,1,4,6,17,0,0,10,0,0,0,0,0,0,0,0,0,0,0,0,0,0,0,0,0,0,0,0,0,0,0,0,0,0,0,0,0,0,0,0,0,0,0,0,0,0,0,0,0,0,0,0,0,0
479,480,3435,712,1,29,58,358,931,24,14,14,14,0,0,282,3,1,4,6,17,0,0,10,0,0,0,0,0,0,0,0,0,0,0,0,0,0,0,0,0,0,0,0,0,0,0,0,0,0,0,0,0,0,0,0,0,0,0,0,0,0,0,0,0,0,0,0,0,0
480,481,3435,712,1,29,58,358,931,24,14,14,14,0,0,282,3,1,4,6,17,0,0,10,0,0,0,0,0,0,0,0,0,0,0,0,0,0,0,0,0,0,0,0,0,0,0,0,0,0,0,0,0,0,0,0,0,0,0,0,0,0,0,0,0,0,0,0,0,0
481,482,3435,712,1,29,58,358,931,24,14,14,14,0,0,282,3,1,4,6,17,0,0,10,0,0,0,0,0,0,0,0,0,0,0,0,0,0,0,0,0,0,0,0,0,0,0,0,0,0,0,0,0,0,0,0,0,0,0,0,0,0,0,0,0,0,0,0,0,0
482,483,3435,712,1,29,58,358,931,24,14,14,14,0,0,282,3,1,4,6,17,0,0,10,0,0,0,0,0,0,0,0,0,0,0,0,0,0,0,0,0,0,0,0,0,0,0,0,0,0,0,0,0,0,0,0,0,0,0,0,0,0,0,0,0,0,0,0,0,0
483,484,3435,712,1,29,58,358,931,24,14,14,14,0,0,282,3,1,4,6,17,0,0,10,0,0,0,0,0,0,0,0,0,0,0,0,0,0,0,0,0,0,0,0,0,0,0,0,0,0,0,0,0,0,0,0,0,0,0,0,0,0,0,0,0,0,0,0,0,0
484,485,3532,724,1,29,58,366,966,24,14,14,14,0,0,287,3,1,4,6,17,0,0,10,0,0,0,0,0,0,0,0,0,0,0,0,0,0,0,0,0,0,0,0,0,0,0,0,0,0,0,0,0,0,0,0,0,0,0,0,0,0,0,0,0,0,0,0,0,0
485,486,6698,655,1,16,22,182,264,0,5,33,12,0,1,22,0,1,0,0,9,0,0,78,0,0,0,1,0,0,0,0,0,0,0,0,0,0,0,0,0,0,0,0,0,0,0,0,0,0,0,0,0,0,0,0,0,0,0,0,0,0,0,0,0,0,0,0,0,0
486,487,6698,655,1,16,22,182,264,0,5,33,12,0,1,22,0,1,0,0,9,0,0,78,0,0,0,1,0,0,0,0,0,0,0,0,0,0,0,0,0,0,0,0,0,0,0,0,0,0,0,0,0,0,0,0,0,0,0,0,0,0,0,0,0,0,0,0,0,0
487,488,6698,655,1,16,22,182,264,0,5,33,12,0,1,22,0,1,0,0,9,0,0,78,0,0,0,1,0,0,0,0,0,0,0,0,0,0,0,0,0,0,0,0,0,0,0,0,0,0,0,0,0,0,0,0,0,0,0,0,0,0,0,0,0,0,0,0,0,0
488,489,6602,632,0,15,20,166,259,0,2,33,11,0,1,21,0,1,0,0,9,0,0,78,0,0,0,1,0,0,0,0,0,0,0,0,0,0,0,0,0,0,0,0,0,0,0,0,0,0,0,0,0,0,0,0,0,0,0,0,0,0,0,0,0,0,0,0,0,0
489,490,6602,632,0,15,20,166,259,0,2,33,11,0,1,21,0,1,0,0,9,0,0,78,0,0,0,1,0,0,0,0,0,0,0,0,0,0,0,0,0,0,0,0,0,0,0,0,0,0,0,0,0,0,0,0,0,0,0,0,0,0,0,0,0,0,0,0,0,0
490,491,6602,632,0,15,20,166,259,0,2,33,11,0,1,21,0,1,0,0,9,0,0,78,0,0,0,1,0,0,0,0,0,0,0,0,0,0,0,0,0,0,0,0,0,0,0,0,0,0,0,0,0,0,0,0,0,0,0,0,0,0,0,0,0,0,0,0,0,0
491,492,6602,632,0,15,20,166,259,0,2,33,11,0,1,21,0,1,0,0,9,0,0,78,0,0,0,1,0,0,0,0,0,0,0,0,0,0,0,0,0,0,0,0,0,0,0,0,0,0,0,0,0,0,0,0,0,0,0,0,0,0,0,0,0,0,0,0,0,0
492,493,6602,632,0,15,20,166,259,0,2,33,11,0,1,21,0,1,0,0,9,0,0,78,0,0,0,1,0,0,0,0,0,0,0,0,0,0,0,0,0,0,0,0,0,0,0,0,0,0,0,0,0,0,0,0,0,0,0,0,0,0,0,0,0,0,0,0,0,0
493,494,6527,636,0,15,20,166,205,0,2,33,11,0,1,21,0,1,0,0,9,0,0,78,0,0,0,1,0,0,0,0,0,0,0,0,0,0,0,0,0,0,0,0,0,0,0,0,0,0,0,0,0,0,0,0,0,0,0,0,0,0,0,0,0,0,0,0,0,0
494,495,6527,636,0,15,20,166,205,0,2,33,11,0,1,21,0,1,0,0,9,0,0,78,0,0,0,1,0,0,0,0,0,0,0,0,0,0,0,0,0,0,0,0,0,0,0,0,0,0,0,0,0,0,0,0,0,0,0,0,0,0,0,0,0,0,0,0,0,0
495,496,6527,636,0,15,20,166,205,0,2,33,11,0,1,21,0,1,0,0,9,0,0,78,0,0,0,1,0,0,0,0,0,0,0,0,0,0,0,0,0,0,0,0,0,0,0,0,0,0,0,0,0,0,0,0,0,0,0,0,0,0,0,0,0,0,0,0,0,0
496,497,7818,478,0,15,9,204,195,0,2,33,8,0,1,17,0,1,0,0,9,0,0,78,0,0,0,1,0,0,0,0,0,0,0,0,0,0,0,0,0,0,0,0,0,0,0,0,0,0,0,0,0,0,0,0,0,0,0,0,0,0,0,0,0,0,0,0,0,0
497,498,7818,478,0,15,9,204,195,0,2,33,8,0,1,17,0,1,0,0,9,0,0,78,0,0,0,1,0,0,0,0,0,0,0,0,0,0,0,0,0,0,0,0,0,0,0,0,0,0,0,0,0,0,0,0,0,0,0,0,0,0,0,0,0,0,0,0,0,0
498,499,6499,508,0,24,32,164,166,0,2,39,9,0,2,14,0,2,0,2,11,0,0,78,0,0,0,1,0,0,0,0,0,0,0,0,0,0,0,0,0,0,0,0,0,0,0,0,0,0,0,0,0,0,0,0,0,0,0,0,0,0,0,0,0,0,0,0,0,0
499,500,6499,508,0,24,32,164,166,0,2,39,9,0,2,14,0,2,0,2,11,0,0,78,0,0,0,1,0,0,0,0,0,0,0,0,0,0,0,0,0,0,0,0,0,0,0,0,0,0,0,0,0,0,0,0,0,0,0,0,0,0,0,0,0,0,0,0,0,0
500,501,3773,566,0,54,118,14,168,0,3,99,26,2,13,10,0,6,0,5,24,0,0,0,0,0,0,7,0,0,0,0,0,0,0,0,0,0,0,0,0,0,0,0,0,0,0,0,0,0,0,0,0,0,0,0,0,0,0,0,0,0,0,0,0,0,0,0,0,0
501,502,3773,566,0,54,118,14,168,0,3,99,26,2,13,10,0,6,0,5,24,0,0,0,0,0,0,7,0,0,0,0,0,0,0,0,0,0,0,0,0,0,0,0,0,0,0,0,0,0,0,0,0,0,0,0,0,0,0,0,0,0,0,0,0,0,0,0,0,0
502,503,3773,566,0,54,118,14,168,0,3,99,26,2,13,10,0,6,0,5,24,0,0,0,0,0,0,7,0,0,0,0,0,0,0,0,0,0,0,0,0,0,0,0,0,0,0,0,0,0,0,0,0,0,0,0,0,0,0,0,0,0,0,0,0,0,0,0,0,0
503,504,3772,564,0,54,124,14,166,0,3,100,32,2,13,10,0,6,0,5,24,0,0,0,0,0,0,7,0,0,0,0,0,0,0,0,0,0,0,0,0,0,0,0,0,0,0,0,0,0,0,0,0,0,0,0,0,0,0,0,0,0,0,0,0,0,0,0,0,0
504,505,4584,657,0,90,354,19,274,0,26,248,76,2,101,19,20,22,0,7,58,0,0,15,0,0,0,25,0,1,0,0,0,0,0,0,0,0,0,0,0,0,0,0,0,0,0,0,0,0,0,0,0,0,0,0,0,0,0,0,0,0,0,0,0,3,0,0,0,0
505,506,4584,657,0,90,354,19,274,0,26,248,76,2,101,19,20,22,0,7,58,0,0,15,0,0,0,25,0,1,0,0,0,0,0,0,0,0,0,0,0,0,0,0,0,0,0,0,0,0,0,0,0,0,0,0,0,0,0,0,0,0,0,0,0,3,0,0,0,0
506,507,4579,650,0,90,357,19,236,0,26,250,82,2,101,19,19,22,0,7,58,0,0,7,0,0,0,25,0,1,0,0,0,0,0,0,0,0,0,0,0,0,0,0,0,0,0,0,0,0,0,0,0,0,0,0,0,0,0,0,0,0,0,0,0,3,0,0,0,0
507,508,4579,650,0,90,357,19,236,0,26,250,82,2,101,19,19,22,0,7,58,0,0,7,0,0,0,25,0,1,0,0,0,0,0,0,0,0,0,0,0,0,0,0,0,0,0,0,0,0,0,0,0,0,0,0,0,0,0,0,0,0,0,0,0,3,0,0,0,0
508,509,4579,650,0,90,357,19,236,0,26,250,82,2,101,19,19,22,0,7,58,0,0,7,0,0,0,25,0,1,0,0,0,0,0,0,0,0,0,0,0,0,0,0,0,0,0,0,0,0,0,0,0,0,0,0,0,0,0,0,0,0,0,0,0,3,0,0,0,0
509,510,4579,650,0,90,357,19,236,0,26,250,82,2,101,19,19,22,0,7,58,0,0,7,0,0,0,25,0,1,0,0,0,0,0,0,0,0,0,0,0,0,0,0,0,0,0,0,0,0,0,0,0,0,0,0,0,0,0,0,0,0,0,0,0,3,0,0,0,0
510,511,4579,650,0,90,357,19,236,0,26,250,82,2,101,19,19,22,0,7,58,0,0,7,0,0,0,25,0,1,0,0,0,0,0,0,0,0,0,0,0,0,0,0,0,0,0,0,0,0,0,0,0,0,0,0,0,0,0,0,0,0,0,0,0,3,0,0,0,0
511,512,4579,650,0,90,357,19,236,0,26,250,82,2,101,19,19,22,0,7,58,0,0,7,0,0,0,25,0,1,0,0,0,0,0,0,0,0,0,0,0,0,0,0,0,0,0,0,0,0,0,0,0,0,0,0,0,0,0,0,0,0,0,0,0,3,0,0,0,0
512,513,1914,578,3,24,1803,21,662,3,71,357,512,30,62,5,1,77,2,4,147,0,0,0,0,0,0,24,0,28,0,0,0,0,0,0,0,0,0,0,0,0,0,0,0,0,0,0,0,0,0,0,0,0,0,0,0,0,0,0,0,0,0,0,12,0,3,0,0,0
513,514,1914,578,3,24,1803,21,662,3,71,357,512,30,62,5,1,77,2,4,147,0,0,0,0,0,0,24,0,28,0,0,0,0,0,0,0,0,0,0,0,0,0,0,0,0,0,0,0,0,0,0,0,0,0,0,0,0,0,0,0,0,0,0,12,0,3,0,0,0
514,515,1914,578,3,24,1803,21,662,3,71,357,512,30,62,5,1,77,2,4,147,0,0,0,0,0,0,24,0,28,0,0,0,0,0,0,0,0,0,0,0,0,0,0,0,0,0,0,0,0,0,0,0,0,0,0,0,0,0,0,0,0,0,0,12,0,3,0,0,0
515,516,898,387,9,0,2584,45,537,1,139,394,466,5,100,5,1,51,4,0,82,0,0,0,0,0,0,52,0,62,0,0,0,0,0,0,0,0,0,0,0,0,0,0,0,0,0,0,0,0,0,0,0,0,0,0,0,0,0,0,0,0,0,0,17,3,3,0,0,0
516,517,898,387,9,0,2584,45,537,1,139,394,466,5,100,5,1,51,4,0,82,0,0,0,0,0,0,52,0,62,0,0,0,0,0,0,0,0,0,0,0,0,0,0,0,0,0,0,0,0,0,0,0,0,0,0,0,0,0,0,0,0,0,0,17,3,3,0,0,0
517,518,898,387,9,0,2584,45,537,1,139,394,466,5,100,5,1,51,4,0,82,0,0,0,0,0,0,52,0,62,0,0,0,0,0,0,0,0,0,0,0,0,0,0,0,0,0,0,0,0,0,0,0,0,0,0,0,0,0,0,0,0,0,0,17,3,3,0,0,0
518,519,898,387,9,0,2584,45,537,1,139,394,466,5,100,5,1,51,4,0,82,0,0,0,0,0,0,52,0,62,0,0,0,0,0,0,0,0,0,0,0,0,0,0,0,0,0,0,0,0,0,0,0,0,0,0,0,0,0,0,0,0,0,0,17,3,3,0,0,0
519,520,198,244,11,0,428,6,671,1,210,481,321,1,17,5,0,5,0,0,16,0,0,0,0,0,0,8,0,66,0,0,0,0,0,0,0,0,0,0,0,0,0,0,0,0,0,0,0,0,0,0,0,0,0,0,0,0,0,0,0,0,0,0,0,0,0,0,0,0
520,521,198,244,11,0,428,6,671,1,210,481,321,1,17,5,0,5,0,0,16,0,0,0,0,0,0,8,0,66,0,0,0,0,0,0,0,0,0,0,0,0,0,0,0,0,0,0,0,0,0,0,0,0,0,0,0,0,0,0,0,0,0,0,0,0,0,0,0,0
521,522,198,244,11,0,428,6,671,1,210,481,321,1,17,5,0,5,0,0,16,0,0,0,0,0,0,8,0,66,0,0,0,0,0,0,0,0,0,0,0,0,0,0,0,0,0,0,0,0,0,0,0,0,0,0,0,0,0,0,0,0,0,0,0,0,0,0,0,0
522,523,198,244,11,0,428,6,671,1,210,481,321,1,17,5,0,5,0,0,16,0,0,0,0,0,0,8,0,66,0,0,0,0,0,0,0,0,0,0,0,0,0,0,0,0,0,0,0,0,0,0,0,0,0,0,0,0,0,0,0,0,0,0,0,0,0,0,0,0
523,524,198,244,11,0,428,6,671,1,210,481,321,1,17,5,0,5,0,0,16,0,0,0,0,0,0,8,0,66,0,0,0,0,0,0,0,0,0,0,0,0,0,0,0,0,0,0,0,0,0,0,0,0,0,0,0,0,0,0,0,0,0,0,0,0,0,0,0,0
524,525,198,244,11,0,428,6,671,1,210,481,321,1,17,5,0,5,0,0,16,0,0,0,0,0,0,8,0,66,0,0,0,0,0,0,0,0,0,0,0,0,0,0,0,0,0,0,0,0,0,0,0,0,0,0,0,0,0,0,0,0,0,0,0,0,0,0,0,0
525,526,198,244,11,0,428,6,671,1,210,481,321,1,17,5,0,5,0,0,16,0,0,0,0,0,0,8,0,66,0,0,0,0,0,0,0,0,0,0,0,0,0,0,0,0,0,0,0,0,0,0,0,0,0,0,0,0,0,0,0,0,0,0,0,0,0,0,0,0
526,527,198,244,11,0,428,6,671,1,210,481,321,1,17,5,0,5,0,0,16,0,0,0,0,0,0,8,0,66,0,0,0,0,0,0,0,0,0,0,0,0,0,0,0,0,0,0,0,0,0,0,0,0,0,0,0,0,0,0,0,0,0,0,0,0,0,0,0,0
527,528,198,244,11,0,428,6,671,1,210,481,321,1,17,5,0,5,0,0,16,0,0,0,0,0,0,8,0,66,0,0,0,0,0,0,0,0,0,0,0,0,0,0,0,0,0,0,0,0,0,0,0,0,0,0,0,0,0,0,0,0,0,0,0,0,0,0,0,0
528,529,198,244,11,0,428,6,671,1,210,481,321,1,17,5,0,5,0,0,16,0,0,0,0,0,0,8,0,66,0,0,0,0,0,0,0,0,0,0,0,0,0,0,0,0,0,0,0,0,0,0,0,0,0,0,0,0,0,0,0,0,0,0,0,0,0,0,0,0
529,530,103,80,5,0,24,6,518,0,296,290,264,0,3,5,0,0,0,0,16,0,0,0,0,0,0,2,0,116,0,0,0,0,0,0,0,0,0,0,0,0,0,0,0,0,0,0,0,0,0,0,0,0,0,0,0,0,0,0,0,0,0,0,0,0,0,0,0,0
530,531,103,80,5,0,24,6,518,0,296,290,264,0,3,5,0,0,0,0,16,0,0,0,0,0,0,2,0,116,0,0,0,0,0,0,0,0,0,0,0,0,0,0,0,0,0,0,0,0,0,0,0,0,0,0,0,0,0,0,0,0,0,0,0,0,0,0,0,0
531,532,103,80,5,0,24,6,518,0,296,290,264,0,3,5,0,0,0,0,16,0,0,0,0,0,0,2,0,116,0,0,0,0,0,0,0,0,0,0,0,0,0,0,0,0,0,0,0,0,0,0,0,0,0,0,0,0,0,0,0,0,0,0,0,0,0,0,0,0
532,533,103,80,5,0,24,6,518,0,296,290,264,0,3,5,0,0,0,0,16,0,0,0,0,0,0,2,0,116,0,0,0,0,0,0,0,0,0,0,0,0,0,0,0,0,0,0,0,0,0,0,0,0,0,0,0,0,0,0,0,0,0,0,0,0,0,0,0,0
533,534,103,80,5,0,24,6,518,0,296,290,264,0,3,5,0,0,0,0,16,0,0,0,0,0,0,2,0,116,0,0,0,0,0,0,0,0,0,0,0,0,0,0,0,0,0,0,0,0,0,0,0,0,0,0,0,0,0,0,0,0,0,0,0,0,0,0,0,0
534,535,103,80,5,0,24,6,518,0,296,290,264,0,3,5,0,0,0,0,16,0,0,0,0,0,0,2,0,116,0,0,0,0,0,0,0,0,0,0,0,0,0,0,0,0,0,0,0,0,0,0,0,0,0,0,0,0,0,0,0,0,0,0,0,0,0,0,0,0
535,536,103,80,5,0,24,6,518,0,296,290,264,0,3,5,0,0,0,0,16,0,0,0,0,0,0,2,0,116,0,0,0,0,0,0,0,0,0,0,0,0,0,0,0,0,0,0,0,0,0,0,0,0,0,0,0,0,0,0,0,0,0,0,0,0,0,0,0,0
536,537,103,80,5,0,24,6,518,0,296,290,264,0,3,5,0,0,0,0,16,0,0,0,0,0,0,2,0,116,0,0,0,0,0,0,0,0,0,0,0,0,0,0,0,0,0,0,0,0,0,0,0,0,0,0,0,0,0,0,0,0,0,0,0,0,0,0,0,0
537,538,103,80,5,0,24,6,518,0,296,290,264,0,3,5,0,0,0,0,16,0,0,0,0,0,0,2,0,116,0,0,0,0,0,0,0,0,0,0,0,0,0,0,0,0,0,0,0,0,0,0,0,0,0,0,0,0,0,0,0,0,0,0,0,0,0,0,0,0
538,539,103,80,5,0,24,6,518,0,296,290,264,0,3,5,0,0,0,0,16,0,0,0,0,0,0,2,0,116,0,0,0,0,0,0,0,0,0,0,0,0,0,0,0,0,0,0,0,0,0,0,0,0,0,0,0,0,0,0,0,0,0,0,0,0,0,0,0,0
539,540,103,80,5,0,24,6,518,0,296,290,264,0,3,5,0,0,0,0,16,0,0,0,0,0,0,2,0,116,0,0,0,0,0,0,0,0,0,0,0,0,0,0,0,0,0,0,0,0,0,0,0,0,0,0,0,0,0,0,0,0,0,0,0,0,0,0,0,0
